x1,x2,x3,x4,x6,x7,x8,x9,x10,x11,x12
106.17818,-0.39869,-102.00207,-3.22962,30.92565,1.0,4.18083,2.59313,11.06927,-0.74575,1
101.26140,0.20882,-98.32359,-3.27023,16.48014,4.0,0.58313,-1.32643,10.15872,1.12492,2
99.28534,0.27119,-99.40607,-3.26871,22.23892,4.0,-1.38677,-0.07693,14.58203,-1.40387,2
105.49639,0.05855,-98.72551,-3.22831,51.24367,1.0,0.37063,-0.71831,12.89031,-2.01830,2
94.99220,-1.06556,-98.36843,-3.21971,32.40184,1.0,0.11423,-0.60155,12.64336,-2.12341,1
103.18226,0.35179,-102.18870,-3.28304,23.68516,4.0,-0.32228,0.73628,12.23969,-1.34906,2
104.83698,1.42597,-98.73053,-3.24885,10.71572,2.0,2.44601,0.12514,11.50628,-0.79108,1
101.79291,0.11079,-96.65116,-3.26515,41.04967,4.0,0.82752,0.24318,9.63666,-1.01546,2
96.85850,-0.88324,-103.31055,-3.23520,28.71412,1.0,-0.65881,0.48691,9.45087,-0.27024,1
97.58236,0.03837,-101.19933,-3.20903,5.32353,3.0,-0.49025,-0.44684,12.17669,3.17934,2
104.05496,-0.10867,-91.48109,-3.20991,23.94063,3.0,-0.61431,-0.53984,12.21870,-4.07128,2
103.48297,0.15682,-105.49295,-3.25427,25.57001,2.0,0.05286,0.38334,12.03988,2.31687,2
100.24741,0.17388,-102.02207,-3.23418,38.92307,1.0,-0.49472,0.57617,13.64630,-3.13725,2
102.03997,0.30583,-97.27282,-3.26928,26.04705,4.0,-0.07749,-3.38521,8.69138,3.13125,2
92.94761,-0.35591,-91.98894,-3.26636,31.56631,4.0,-3.94152,-2.87003,11.06854,-1.24876,1
99.18814,0.39436,-94.63129,-3.20750,18.06584,3.0,2.47977,0.21786,10.35949,-1.65763,2
102.65650,0.28978,-98.10227,-3.23607,27.13274,1.0,-0.25839,-0.13321,10.58642,0.95295,2
99.24485,0.21612,-101.53348,-3.22033,33.90965,1.0,0.00097,0.67674,12.29920,-2.16624,2
96.93333,-0.68233,-100.39260,-3.23270,35.71268,1.0,-0.69822,-1.28926,10.78108,-2.15236,1
104.56488,-0.64878,-96.22560,-3.23773,42.33205,1.0,-0.26740,0.15936,11.83865,-1.60292,1
95.54466,0.10972,-99.27067,-3.22124,5.71437,1.0,-0.01395,0.42785,10.53737,-1.89003,2
96.12883,0.26423,-97.32559,-3.23833,25.79778,1.0,2.20132,0.49664,10.43543,-1.55814,2
97.59772,-0.69912,-97.90717,-3.28667,19.92789,4.0,0.73754,1.91187,13.27579,-0.01508,1
99.73794,0.26601,-96.93041,-3.24705,31.83274,2.0,-0.74893,1.76154,12.08083,-0.37508,2
96.48664,-0.32203,-100.72613,-3.18635,27.59387,5.0,0.29759,0.41788,9.10779,-0.11083,1
111.36837,0.39367,-104.60751,-3.21786,34.54404,1.0,-0.49260,2.24707,10.18673,-1.79833,2
102.49469,0.05204,-100.50875,-3.24698,21.67867,2.0,2.18641,-1.69425,9.97746,-2.04555,2
105.09599,0.32274,-97.35321,-3.24691,43.45591,2.0,-0.81262,0.10218,10.16997,2.07532,2
103.10940,0.25394,-105.02012,-3.25916,29.24187,2.0,0.49497,1.37406,10.99488,-0.79463,2
96.78257,0.60274,-100.04691,-3.25735,7.26056,2.0,-1.24462,-0.96362,9.62080,-2.54486,1
85.57952,-0.66494,-98.94109,-3.25092,6.27770,2.0,0.54655,-0.57345,12.80761,2.96131,1
100.50374,0.00248,-98.97351,-3.26695,31.37031,4.0,-3.03556,2.58984,9.02169,-1.84598,2
97.13156,-0.42931,-101.91187,-3.23250,42.32511,1.0,0.11389,-0.45131,11.30683,3.46423,1
96.97073,-1.08254,-104.73764,-3.24327,33.56588,2.0,0.72171,-1.76953,13.01212,2.75036,1
99.84188,-0.76284,-102.41574,-3.26457,18.66714,4.0,1.80056,1.25450,13.97116,-0.70426,1
100.33751,0.61555,-97.95479,-3.24515,4.06911,2.0,-0.34721,-1.77887,11.16132,-2.77998,1
93.70180,-0.10271,-100.76235,-3.24355,37.15950,2.0,2.12960,-1.06274,12.59053,-3.03326,2
101.11704,-0.17458,-96.11583,-3.26309,19.70632,4.0,-0.31240,0.52269,9.00583,1.95829,2
99.17541,0.66755,-97.93863,-3.26293,26.73622,4.0,-1.60379,-0.97495,9.40985,4.05777,1
99.07661,-0.12406,-96.08514,-3.24627,23.67416,2.0,-1.27391,-0.33809,11.22046,-0.45460,2
101.56463,-0.60524,-98.71775,-3.25093,24.67900,2.0,-1.11925,2.13586,8.89148,-2.07817,1
100.90403,0.43899,-104.11237,-3.23464,32.72856,1.0,0.87342,-1.95919,9.94081,-1.61024,2
98.63355,0.28263,-97.97104,-3.24868,25.82789,2.0,0.80882,0.33120,13.21788,-1.05565,2
97.84192,-0.29955,-95.43727,-3.22145,49.23967,1.0,-0.79462,-0.31723,11.69547,-3.08094,1
101.80436,-0.24367,-97.11225,-3.25029,16.55207,2.0,1.35940,2.02393,11.34953,-2.10863,1
102.57333,0.91063,-103.75297,-3.26235,13.94878,4.0,-1.17380,0.57776,12.35831,0.60489,1
101.00678,0.30034,-101.00874,-3.24267,29.21650,2.0,-0.56239,-2.27839,13.13207,-0.75915,2
102.82451,-0.10948,-99.05933,-3.23256,18.32613,1.0,0.98624,-0.02638,10.84715,-3.66058,2
94.31093,-0.74008,-94.47352,-3.26161,10.37260,2.0,-0.30480,-0.03052,9.72629,-1.93591,1
101.71246,-0.03688,-102.00576,-3.23431,36.98602,1.0,0.10848,-0.25244,13.13714,0.12576,2
97.21287,-0.00042,-101.76734,-3.24428,22.22520,2.0,-3.16346,-2.38171,11.92451,-0.31471,2
98.25559,-0.71781,-97.35469,-3.18830,11.38919,5.0,-3.14888,-0.26379,10.98829,-2.05748,1
90.77263,-0.21633,-96.79387,-3.20507,27.11288,3.0,0.07183,0.78948,10.03939,1.62702,1
90.75499,-0.66635,-94.85177,-3.24397,25.57506,2.0,-1.01622,-3.29605,12.98475,0.02355,1
98.87045,-0.09493,-98.85363,-3.26805,18.79150,4.0,0.37834,-0.93490,12.19326,0.02535,2
100.06903,0.11664,-99.04767,-3.22563,27.43899,1.0,-0.19468,-0.35096,10.90661,2.23968,2
102.25647,-1.49593,-97.58104,-3.22983,37.39530,1.0,1.77783,2.48456,10.08186,2.89697,1
102.22895,0.22689,-101.11083,-3.27564,33.96899,4.0,-0.85799,-0.77465,11.83354,-1.12371,2
98.05521,0.51746,-103.16994,-3.24991,26.40274,2.0,-0.97997,-0.28866,8.67764,0.75285,2
101.09477,0.37161,-99.89625,-3.22833,25.87338,1.0,0.17033,-0.25714,10.61325,-0.27340,2
95.73061,-0.85336,-95.34352,-3.24542,1.04218,2.0,-1.58336,0.29191,12.43329,2.94437,1
99.83938,0.44567,-101.98449,-3.22903,30.32335,1.0,0.42793,-1.23151,10.12546,-1.99907,2
100.60831,0.03539,-100.55572,-3.27383,23.85807,4.0,-0.49220,-1.33226,12.18445,-1.85459,2
103.28291,-0.92239,-103.82493,-3.21582,41.74415,1.0,0.69070,-0.15519,11.54635,0.94509,1
104.36044,0.68578,-101.38354,-3.25313,34.03960,2.0,0.52335,0.13580,9.80445,-2.10772,1
95.28809,0.09285,-95.73532,-3.21595,20.75070,1.0,-0.76184,-0.42126,11.98320,3.18433,2
98.23368,0.21537,-98.38858,-3.23467,23.37927,1.0,0.33943,-3.68261,10.23845,-4.55354,2
91.81401,0.35886,-96.66902,-3.24039,9.51301,2.0,-1.71337,0.17511,8.10056,1.32690,2
102.92682,0.33752,-101.02379,-3.23694,36.45941,1.0,-1.50424,0.37777,11.57141,-2.33550,2
102.13483,-0.08864,-99.64459,-3.21007,28.94077,3.0,2.29682,-0.23061,11.27348,-5.61883,2
97.56395,0.29844,-97.92568,-3.21619,5.48002,1.0,0.36837,1.49642,12.86795,0.41658,2
100.10697,-0.04736,-103.32701,-3.20180,26.13221,3.0,1.11324,1.49825,13.31166,-1.38098,2
102.84046,-0.05322,-100.61196,-3.27241,40.45819,4.0,3.22231,3.98064,10.10732,-1.58974,2
106.21180,0.66712,-105.83069,-3.26831,34.33544,4.0,-0.36643,-0.42368,10.88372,-1.17825,1
104.92027,0.70686,-103.21616,-3.24620,28.87353,2.0,-0.72189,0.25516,9.97118,0.74763,1
97.08196,0.06768,-100.24607,-3.20542,21.52846,3.0,1.13907,-0.26644,11.84465,-2.33312,2
102.35591,0.05551,-97.04746,-3.18875,25.84606,5.0,-0.53095,-0.39276,11.60945,2.11308,2
102.38976,0.25236,-100.60860,-3.19149,45.48731,5.0,0.07641,0.60049,10.22101,-1.19676,2
104.65783,-0.36558,-101.64348,-3.22621,28.07473,1.0,2.91819,-4.18136,11.82356,-1.31693,1
99.21488,0.03006,-101.13574,-3.23123,13.81758,1.0,-0.11068,-0.79985,13.01462,-0.87578,2
102.20759,-0.53748,-100.49327,-3.23073,40.06670,1.0,0.12683,-2.01508,13.04568,-1.01436,1
101.46040,0.47034,-99.18067,-3.23991,20.35479,2.0,-0.26867,1.51216,10.96144,-1.32853,2
102.38590,-0.85000,-104.89365,-3.22427,32.77536,1.0,-0.41275,0.62753,10.78503,1.24321,1
95.67275,-0.81493,-95.55542,-3.21600,34.61750,1.0,0.18502,-1.23496,10.39273,-3.57624,1
98.74576,0.20309,-96.96095,-3.19251,57.29125,5.0,-0.02633,-0.42603,10.00232,-3.00698,2
96.40320,-0.08853,-93.12234,-3.26537,6.49235,4.0,2.24512,-1.68872,13.15130,-1.58017,2
98.57117,0.26480,-94.42415,-3.26812,20.77492,4.0,1.45048,-1.73290,9.46533,-2.33581,2
99.10207,0.20267,-95.18797,-3.24527,32.95772,2.0,2.58919,0.05130,13.57705,-1.03462,2
102.01576,0.00362,-101.90213,-3.22909,46.49514,1.0,0.78676,0.50748,11.19219,-0.71802,2
105.42837,-0.10768,-101.22339,-3.21894,37.16141,1.0,-0.33022,1.68819,12.92609,-0.39420,2
102.85202,-0.34891,-102.55417,-3.24331,13.48231,2.0,2.03525,0.76589,9.25741,-2.18961,1
95.92640,-0.04427,-106.70710,-3.26151,36.30897,2.0,1.84852,1.24255,10.37693,-1.68990,2
99.88782,0.73596,-99.10979,-3.24578,16.33481,2.0,-2.20406,-2.25661,11.89718,-1.39228,1
100.35318,0.46481,-100.66420,-3.20159,49.24301,3.0,-0.17674,-0.96274,11.59401,-2.24663,2
102.38437,0.10214,-99.00380,-3.26927,-0.50959,4.0,-1.91924,0.69425,10.05651,-2.87909,2
94.40118,-0.36868,-99.88650,-3.20040,27.86959,3.0,-1.07522,0.47536,10.53432,-3.27891,1
100.40507,-0.21909,-100.90980,-3.25111,34.96279,2.0,-0.71395,-2.59577,13.92557,0.94454,1
103.97016,0.06869,-99.61137,-3.21475,39.88756,3.0,-1.45209,1.50822,9.93068,2.08048,2
103.96908,0.38165,-100.74986,-3.21221,33.66234,3.0,0.56171,-0.45489,11.37637,-1.35498,2
97.38396,-0.13592,-104.42737,-3.22117,25.29505,1.0,-0.07669,-0.62300,9.93411,-0.06122,2
99.18317,0.37716,-98.95895,-3.25288,27.93031,2.0,0.55280,0.00776,12.08025,-1.12101,2
105.67461,-0.05957,-95.54441,-3.19709,19.66478,3.0,1.77950,-2.62698,6.12688,-2.89430,2
89.54322,-0.72138,-92.49765,-3.21435,26.23111,3.0,-1.28027,0.47484,8.94625,0.86475,1
96.23330,-0.06666,-100.92388,-3.19086,20.23228,5.0,0.50731,-0.03930,10.95554,-1.12229,2
89.95919,-1.21153,-96.47694,-3.22291,2.84082,1.0,0.39905,0.41416,10.48594,-0.02151,1
98.69280,0.13433,-97.95439,-3.26792,33.92633,4.0,-0.25429,1.29701,12.23821,-1.41578,2
97.68731,-0.13459,-102.90586,-3.19325,15.08533,3.0,-1.21741,0.86992,11.45990,-2.31007,2
96.03877,0.25178,-100.79575,-3.20340,26.00474,3.0,0.63532,-0.56294,10.88270,-1.40160,2
98.79990,0.95380,-104.59303,-3.27830,32.69554,4.0,-1.78939,0.51685,10.77812,-0.11214,1
98.41854,-0.54489,-102.58158,-3.25778,13.97771,2.0,1.33503,-2.08215,13.07154,-1.98895,1
102.90584,-0.19072,-101.74240,-3.24051,33.26856,2.0,0.81156,-0.94913,13.20708,-1.33734,2
105.21995,-0.48440,-100.54200,-3.25381,18.75712,2.0,-1.25518,-0.04211,10.82699,-0.76722,1
93.30350,-0.22909,-99.04281,-3.23110,33.46879,1.0,-1.47363,-1.05602,12.79376,-0.15318,1
105.58971,-0.02342,-104.37638,-3.28617,25.45368,4.0,-1.31008,-0.50138,10.42680,1.97016,2
107.78748,0.61990,-97.86937,-3.23092,24.95527,1.0,-0.52977,-0.18186,9.75321,2.91258,1
102.85932,0.02478,-97.85456,-3.28505,36.96936,4.0,0.38449,-1.63863,12.57857,-1.89248,2
104.96109,0.36744,-98.77893,-3.26424,30.08128,4.0,-1.13061,0.53013,12.07361,1.56655,2
97.07827,-0.70533,-104.49233,-3.22127,22.23861,1.0,-0.86319,-1.30670,9.58601,-0.48671,1
97.01437,-0.37000,-101.89594,-3.21176,29.66621,3.0,-0.68799,-0.44025,10.13476,0.44652,1
98.06905,-0.28631,-97.00583,-3.25232,38.88515,2.0,-0.19381,0.42926,12.01371,3.76891,1
100.58712,0.76648,-98.43925,-3.20163,43.45851,3.0,1.78751,2.07551,12.93473,5.31960,1
102.69394,0.67426,-99.58942,-3.24400,19.09307,2.0,1.37473,-1.54357,9.68949,-1.70200,1
94.10217,-0.73223,-98.31661,-3.26674,11.98362,4.0,-3.31497,-2.51130,12.20959,-2.80163,1
96.65523,-0.73209,-94.68277,-3.22453,33.82675,1.0,0.02190,-0.18067,10.39342,-0.43677,1
104.19445,0.41555,-104.49897,-3.24533,49.78648,2.0,1.37858,-0.76597,12.78639,-1.86753,2
103.65384,0.39417,-103.34011,-3.26387,26.60647,4.0,-0.75784,-2.27190,9.60788,-1.84601,2
95.30923,-0.16194,-97.57442,-3.18850,11.53945,5.0,-0.61573,-0.08408,10.96375,2.61371,2
92.40033,0.21620,-103.31569,-3.21495,15.18825,3.0,0.43667,-1.33349,12.31625,2.73913,2
99.39136,0.27774,-95.09063,-3.21623,20.67317,1.0,2.79928,-0.05293,9.95777,-4.11989,2
97.91694,0.25329,-100.47754,-3.22464,3.17558,1.0,-0.33471,-0.13176,10.79754,-3.70077,2
98.75819,-0.20107,-97.91539,-3.19636,15.25073,3.0,0.91170,0.76532,8.79036,2.00377,2
103.70660,0.41924,-101.80680,-3.26629,19.19023,4.0,1.79614,0.54950,12.01280,-0.27749,2
102.18103,0.42532,-98.77660,-3.23293,24.15764,1.0,2.11850,-2.27907,11.68656,-1.86487,2
102.54831,0.63578,-100.11899,-3.25294,46.38433,2.0,-2.00804,0.67055,11.61982,-4.63177,1
99.08654,0.07343,-100.00041,-3.24404,39.63656,2.0,-1.07865,-1.39395,12.14435,0.02802,2
102.53257,-0.19918,-102.12598,-3.24832,33.98156,2.0,0.29498,1.60000,11.84102,-0.14062,1
101.23407,-0.57489,-105.60897,-3.28313,21.33382,4.0,0.27584,-0.55082,12.40096,-1.52480,1
108.99225,0.18025,-110.11123,-3.23391,34.19766,1.0,-0.74803,-0.19699,11.01418,-0.64730,2
101.06624,-0.18440,-101.52378,-3.19286,32.13366,3.0,-0.15042,1.55683,11.92957,-1.63031,2
102.28103,-0.77564,-100.60953,-3.20903,36.40268,3.0,-0.17614,-0.58679,12.37040,-3.01545,1
99.97190,-0.07469,-102.51111,-3.23885,25.57002,2.0,2.99494,-2.61282,11.67368,-1.72219,2
100.74870,0.21176,-104.75512,-3.21656,31.63496,1.0,-2.27336,-0.75492,10.60829,-0.92775,2
104.74922,-0.94313,-99.95863,-3.25960,38.48450,2.0,-1.32625,1.37858,9.42164,2.55578,1
103.95503,0.10401,-104.46589,-3.23953,12.77255,2.0,-0.25325,-0.49064,9.82223,0.40617,2
92.86462,-0.64957,-103.04996,-3.21881,22.30552,1.0,-0.06762,-3.24365,13.98408,-0.19409,1
95.87179,0.40703,-101.92245,-3.20987,18.09817,3.0,-0.54265,0.31271,11.15785,-1.50174,2
108.28362,0.42741,-105.31059,-3.23505,54.92504,1.0,-4.04351,2.24067,11.14916,-4.27650,2
105.90301,0.08855,-100.92449,-3.19772,23.24944,3.0,-0.73035,1.66503,11.36195,-0.21531,2
100.26101,-0.47221,-98.91919,-3.22780,28.93242,1.0,-0.50363,1.04720,10.16868,2.18381,1
97.64952,-0.52983,-101.29292,-3.21162,22.90283,3.0,-2.13530,0.44930,12.42150,-1.85018,1
99.88940,0.20870,-94.84947,-3.29092,25.89637,4.0,-2.19964,-1.22913,12.03403,0.44035,2
109.33686,-0.30273,-98.38226,-3.26608,50.74931,4.0,2.14103,1.55318,12.66708,-0.54535,1
101.42098,0.62438,-98.62608,-3.19559,21.26513,3.0,-0.66199,-0.06464,12.75190,-0.79051,1
106.55111,0.62890,-97.04883,-3.20526,47.35194,3.0,-0.69556,-1.20691,11.73981,-1.94083,1
99.73869,-0.53132,-99.32865,-3.19498,31.01404,3.0,-0.56046,-0.69615,9.55707,-2.38994,1
98.51769,-0.22828,-97.91559,-3.22622,30.63237,1.0,-0.30225,-0.77647,13.80685,1.60363,1
99.69431,0.08343,-98.50747,-3.20149,42.03008,3.0,-0.62625,-0.25079,12.50084,0.82404,2
101.92181,-0.32231,-101.59837,-3.20620,7.25772,3.0,1.66829,-0.78302,12.07084,-2.34026,1
102.50589,-0.14167,-101.97662,-3.24806,25.65395,2.0,0.76422,-0.19292,10.52549,2.20922,2
97.23094,0.29917,-97.65651,-3.24166,14.04343,2.0,-1.48168,2.18020,14.21451,-0.47496,2
98.06387,0.07023,-98.28710,-3.22518,46.03351,1.0,-0.37940,-1.21446,11.07668,-1.51087,2
99.57257,-0.54905,-100.08448,-3.20089,42.85281,3.0,0.92816,-0.70620,12.47699,2.63094,1
101.26619,-0.35523,-100.31403,-3.24074,31.25908,2.0,1.19124,1.76023,13.27747,-0.31651,1
102.17585,0.63140,-101.03158,-3.21031,34.50267,3.0,-0.35928,0.16938,9.78601,0.28198,1
105.96429,-0.33824,-101.81689,-3.22357,37.88359,1.0,1.16534,0.20748,11.68606,-2.22606,1
94.00717,-0.22659,-103.55653,-3.25571,15.15848,2.0,1.07314,-0.33068,12.68090,-1.77259,1
96.74399,0.30946,-101.26163,-3.19484,24.58357,3.0,0.65230,-0.15668,11.80302,-1.58069,2
100.38336,-0.01553,-94.04246,-3.22081,24.35731,1.0,-0.56955,0.48657,11.16535,2.49080,2
105.37041,-0.10601,-100.35327,-3.20695,22.89127,3.0,-1.52692,-0.12509,12.41429,4.28291,2
95.54541,-0.63090,-99.62289,-3.23586,12.56536,1.0,-2.65985,-0.36584,9.80980,1.10778,1
103.48672,-0.20156,-100.69161,-3.19305,43.88301,3.0,-1.10699,-0.97920,11.27685,1.58713,1
101.10241,0.30634,-98.42695,-3.19638,41.33754,3.0,2.21922,-1.28053,9.29513,2.59534,2
102.71820,-0.74848,-107.32191,-3.21115,21.85129,3.0,-0.50600,0.81612,11.55536,-2.62097,1
96.91892,-0.54238,-102.80561,-3.25797,42.16322,2.0,-1.13507,-1.10702,12.15615,-2.17353,1
105.48061,0.83548,-101.61402,-3.22289,36.49303,1.0,-0.13316,-0.61483,10.60497,-0.13517,1
100.81506,-0.37669,-100.24806,-3.28638,28.73736,4.0,0.26585,0.56250,8.35781,2.96213,1
92.62794,-0.05053,-103.11327,-3.25975,18.68366,2.0,0.69246,0.48949,9.85124,-0.14347,2
103.14012,0.84157,-104.20435,-3.24356,19.88219,2.0,-2.52474,-2.84368,9.42199,-3.27976,1
97.62977,-0.57487,-102.57951,-3.25623,1.62847,2.0,-0.86782,0.13128,12.02795,-2.63090,1
99.45392,-0.60337,-97.69295,-3.25402,26.77556,2.0,-1.20800,-1.03539,15.51348,-0.45222,1
94.17343,0.49390,-98.27263,-3.23139,11.36263,1.0,0.12650,1.54028,12.83439,-1.76937,2
95.11832,-0.57502,-99.94816,-3.24003,28.30662,2.0,-0.27980,-0.54495,11.35728,-1.31116,1
100.63489,0.47099,-103.65947,-3.28371,29.79923,4.0,-0.05165,0.57985,15.27420,-1.41197,2
97.26918,-0.21213,-99.05014,-3.27558,6.06639,4.0,2.53968,2.25116,12.23263,-1.52937,1
98.22927,-0.24766,-99.50342,-3.27454,29.49872,4.0,0.66024,-2.93854,10.39495,0.65685,1
105.89291,0.29858,-98.97577,-3.23742,33.76783,1.0,0.58036,-0.89046,11.73641,-0.74934,2
96.65137,-0.47077,-98.11053,-3.21003,28.81932,3.0,0.58398,1.43839,9.63183,-1.61713,1
99.05061,-0.71490,-99.00582,-3.23385,12.71016,1.0,-0.10024,0.11291,11.64506,-1.12297,1
96.84980,-0.31363,-100.39712,-3.23489,4.99315,1.0,-0.55230,2.32590,10.54539,-2.47704,1
103.65923,-0.29783,-98.14923,-3.24345,37.73370,2.0,-0.50079,-1.73269,12.60885,0.68312,1
104.33285,0.22237,-102.08672,-3.21366,22.43996,3.0,1.17076,0.35544,11.31934,-1.33392,2
102.95240,0.27243,-100.27876,-3.19642,35.46571,3.0,-0.64367,-0.47833,12.32916,-1.87592,2
98.02318,0.01757,-102.23523,-3.23839,26.09179,1.0,1.13632,0.10127,12.79308,-1.46281,2
95.09896,0.12111,-99.11949,-3.25933,11.38268,2.0,-0.78831,-2.10840,12.07030,-0.72456,2
102.39578,-0.20096,-102.94528,-3.20673,26.41903,3.0,0.39494,0.50884,13.01928,1.56531,1
97.48252,-0.02845,-100.55115,-3.20994,17.92967,3.0,0.84122,1.29979,12.57034,-0.43028,2
91.99814,0.13413,-98.58779,-3.20462,28.19353,3.0,1.61924,-1.46923,10.16171,-2.75522,2
92.11682,0.81914,-95.93872,-3.25589,10.60327,2.0,0.09127,-0.50140,11.20546,-2.15564,1
101.70981,-0.23858,-100.11986,-3.20291,20.10720,3.0,-0.16224,-0.70633,9.59857,-0.27295,1
99.90849,-0.17448,-98.35137,-3.23952,23.06172,2.0,2.77047,2.18781,11.61360,0.57820,2
98.59550,-0.61479,-100.59895,-3.21884,21.98540,1.0,1.60755,-0.85852,11.88670,-0.39612,1
104.32234,0.21992,-101.57179,-3.24379,26.42706,2.0,0.40960,-1.34144,12.41306,-1.87553,2
97.82997,-0.03551,-105.71518,-3.28103,2.18467,4.0,2.99929,0.39929,12.03642,-0.05489,2
101.04438,0.11305,-107.73028,-3.26171,27.13375,2.0,1.06900,0.53432,11.60968,-1.31911,2
92.56085,0.15077,-94.48863,-3.24080,9.60981,2.0,-3.14360,1.31095,11.57775,-3.94256,2
102.59824,-0.72240,-99.13327,-3.29004,25.03879,4.0,0.69852,-0.92369,8.51553,2.57058,1
102.80895,0.52206,-103.99654,-3.23540,40.82017,1.0,0.46547,-1.59190,11.35851,-0.49385,2
103.92721,0.22080,-103.27821,-3.22757,20.66397,1.0,-0.17643,0.58718,10.52175,-1.10737,2
104.12486,0.85901,-103.17370,-3.22324,15.13541,1.0,-1.14365,0.02530,12.16208,-0.45433,1
99.38778,-0.17926,-97.43782,-3.27747,18.75143,4.0,0.48170,2.53693,13.15411,-1.71224,2
107.76786,0.04985,-99.32746,-3.23065,34.46307,1.0,2.06993,0.12198,11.05270,-2.62896,2
111.49662,-0.21898,-104.84240,-3.27134,46.72073,4.0,-0.26974,-1.30995,8.76110,1.53840,1
104.89203,0.15188,-102.07699,-3.24870,36.94454,2.0,-0.40863,-0.87581,12.20815,-4.90885,2
103.94654,-0.35775,-99.29597,-3.19129,23.02119,5.0,-1.12009,1.62331,8.93922,-1.33466,1
98.88824,0.02474,-95.29274,-3.25126,24.78092,2.0,0.06080,2.04341,10.46952,-0.34976,2
96.23225,0.07789,-101.35246,-3.27282,34.58836,4.0,-2.07729,1.99350,8.60951,-2.78898,2
100.38036,0.32943,-100.79993,-3.23585,28.18683,1.0,1.28398,0.87001,10.88411,-1.73887,2
101.24621,0.09602,-99.61383,-3.24099,13.24944,2.0,-1.45290,0.30203,9.52763,2.49171,2
95.72221,0.46543,-98.30719,-3.19747,22.63635,3.0,-0.60915,0.80583,12.82537,4.41186,2
102.71241,-0.52717,-104.55432,-3.24744,24.66267,2.0,0.43710,-0.71387,10.17361,-0.75867,1
108.48941,0.08179,-100.43755,-3.22304,35.62700,1.0,0.90963,2.67607,12.03755,-2.80389,2
92.60286,-0.77585,-96.69188,-3.25084,25.77350,2.0,2.29487,3.76721,13.70270,-2.29486,1
103.26333,-0.06840,-102.55830,-3.19688,48.60472,3.0,2.38977,-0.73432,10.47044,0.37832,2
90.01238,-0.07794,-98.68118,-3.26152,2.54865,2.0,-0.76539,1.16528,11.06454,-2.22015,2
101.99113,-0.31685,-96.79843,-3.27817,18.00429,4.0,2.67224,0.43041,13.13583,-1.16472,1
93.56462,0.03306,-95.48943,-3.20575,3.91583,3.0,0.33582,1.13332,9.24667,-2.62685,2
100.38084,0.36051,-97.64007,-3.20599,41.94784,3.0,0.50546,2.13915,12.40632,-2.24172,2
102.79821,-0.35401,-100.15350,-3.21271,21.55477,3.0,0.55651,-0.50333,9.67811,2.48758,1
99.93015,0.07681,-98.67680,-3.23908,28.96764,2.0,0.80778,0.90010,10.11590,-1.57373,2
93.36642,-0.67261,-99.70797,-3.20259,28.97812,3.0,0.42979,0.44968,11.67873,-1.84258,1
91.64872,-0.53906,-98.11923,-3.22007,5.16049,1.0,0.33383,2.22932,12.74384,-1.44689,1
108.28936,-0.12971,-103.95474,-3.20776,24.46602,3.0,-0.71808,-0.77929,11.96007,-1.24621,2
107.02268,0.63291,-102.48975,-3.23332,50.97730,1.0,0.37657,-2.90544,9.23812,-1.41379,1
95.02338,-0.01626,-98.29864,-3.27329,15.36691,4.0,0.15144,0.22079,11.44138,-2.46287,2
97.50575,-0.13406,-100.34466,-3.24774,23.79115,2.0,-1.85452,-0.14820,10.04671,-3.18671,2
102.01106,-0.77672,-101.93274,-3.23611,39.98644,1.0,1.55139,2.20653,12.24853,-1.04800,1
94.37283,0.63495,-95.98932,-3.24729,-1.17743,2.0,-0.24510,1.57977,11.19327,-1.32896,1
101.49917,-0.78930,-100.59955,-3.25415,42.08250,2.0,0.43860,0.67142,10.52496,-1.82584,1
108.52754,0.45063,-99.88923,-3.19642,23.05167,3.0,-0.79646,1.49081,12.58983,-1.34351,2
103.28982,-0.08038,-103.76259,-3.18690,25.71128,5.0,-2.90329,0.36292,10.64296,-1.88034,2
105.19574,-0.10848,-94.20188,-3.21319,21.17770,3.0,0.67924,2.21901,13.72356,-0.68330,2
96.55685,-0.39496,-98.88818,-3.24057,12.78684,2.0,0.63338,-0.50949,11.75086,-5.15640,1
100.25204,0.02686,-99.75500,-3.20034,18.49528,3.0,1.72370,-0.16275,10.45236,0.88192,2
104.17014,0.36767,-102.25517,-3.19122,30.36349,5.0,0.12276,0.31893,11.03292,2.57130,2
95.44261,-0.20325,-95.85712,-3.28095,21.88739,4.0,0.68344,-1.14647,14.05872,-0.57067,2
98.48698,0.13468,-101.11198,-3.21492,30.07961,3.0,-2.55535,0.50445,10.99689,-0.80499,2
106.60419,-0.77061,-102.15370,-3.24734,32.22549,2.0,1.40166,-1.33872,11.45149,-0.71474,1
96.90376,-0.04160,-98.08436,-3.26444,15.47284,4.0,-2.34972,0.30654,12.45707,-2.68860,2
99.69032,-0.42260,-97.27864,-3.23565,27.18500,1.0,-2.13975,-1.78691,12.17766,-0.51335,1
102.02617,-0.67506,-100.25079,-3.26108,19.73806,2.0,-2.02071,-0.37890,11.27996,-1.42378,1
102.13571,-0.16977,-104.09304,-3.24614,36.87001,2.0,-1.26803,-0.63270,10.02803,4.55591,2
101.43526,0.08649,-104.61299,-3.22668,50.57187,1.0,-0.16553,-0.84944,10.03390,-2.46927,2
98.67390,-0.28077,-98.75875,-3.25862,4.90631,2.0,-1.22448,0.40043,12.27841,-1.68351,1
104.60982,0.19186,-101.58769,-3.24528,31.19466,2.0,-1.14955,0.15795,9.24751,-2.70635,2
105.89684,-0.32633,-103.94926,-3.27189,21.05179,4.0,2.52124,1.49021,8.80568,1.71938,1
103.90513,0.04179,-104.04018,-3.22692,29.53591,1.0,0.06297,3.30616,12.11400,-2.92381,2
110.20411,0.32451,-104.50120,-3.24013,35.95805,2.0,0.65213,-1.56208,8.76961,2.92550,2
102.43779,0.33007,-98.56169,-3.24226,13.85344,2.0,-1.61358,1.02702,9.43144,2.61649,2
106.87289,0.79577,-103.32011,-3.26023,20.60879,2.0,0.57596,-0.91476,11.67182,-2.07153,1
91.14287,-0.33777,-94.59892,-3.25450,33.04217,2.0,0.12501,-3.66977,11.39185,-1.12937,1
99.52558,0.20357,-99.21428,-3.26203,31.55538,4.0,0.90004,-0.74531,11.24800,1.24910,2
101.33730,0.78039,-108.16685,-3.24350,16.76820,2.0,-0.64579,2.70223,10.74379,-1.39050,1
101.32733,-0.14270,-99.08935,-3.24799,19.58573,2.0,-0.28109,2.29623,9.33907,-2.45461,2
95.82512,0.19627,-97.45478,-3.27839,8.14652,4.0,-1.09407,-1.46126,9.34966,-2.35726,2
100.66806,0.71763,-100.63952,-3.26133,15.46463,2.0,2.03158,1.19161,13.58491,-1.17418,1
95.79200,-1.04299,-100.46184,-3.21450,20.78276,3.0,0.13451,0.11001,10.95414,-0.57979,1
102.02018,-0.75854,-97.08924,-3.23217,30.58038,1.0,-0.38698,0.54040,10.56358,0.30641,1
99.39872,0.15519,-99.35994,-3.25548,22.40528,2.0,0.29522,-0.64286,13.23560,0.96515,2
96.08012,-0.03294,-98.27729,-3.26765,9.08605,4.0,-2.23779,-1.41635,11.15787,-4.44511,2
100.08341,0.14120,-101.46324,-3.26257,24.61203,4.0,2.49142,-1.33315,13.99927,-0.27007,2
101.29214,0.05896,-107.48252,-3.23680,32.21320,1.0,-2.53241,-0.37656,11.54722,-1.55863,2
108.54275,0.45377,-106.25012,-3.23501,25.91424,1.0,1.38114,0.11433,11.51627,-0.56371,2
106.33072,0.12654,-98.75813,-3.24204,49.24869,2.0,1.09558,0.27282,9.60623,-1.85925,2
94.71037,-0.05576,-101.55773,-3.19815,18.26746,3.0,0.01694,-0.64532,12.72460,4.21069,2
100.41742,0.52977,-100.96559,-3.20931,21.91157,3.0,1.18665,0.40931,9.52337,-3.71245,2
98.30360,0.10508,-95.34789,-3.28006,42.28783,4.0,-0.49154,-2.04350,11.49732,-2.65221,2
104.24447,0.29154,-100.33360,-3.23407,30.11414,1.0,1.49765,0.27709,12.17238,-0.81239,2
100.03372,0.55514,-102.20070,-3.23539,41.47866,1.0,-0.10980,-0.34456,12.42560,-0.14592,2
97.92340,0.97813,-97.14997,-3.24612,9.57584,2.0,-4.96552,-1.20212,9.45097,2.42101,1
104.48626,0.53032,-101.56138,-3.22794,34.52828,1.0,0.81170,0.99490,12.45910,-0.84976,2
96.38726,-0.02498,-100.12045,-3.29060,8.65843,4.0,0.78978,-0.34110,12.62726,-1.05619,2
100.55427,-0.23368,-98.91772,-3.25971,27.18859,2.0,-1.17776,0.35119,8.37538,2.29977,1
98.28131,-0.34035,-104.16191,-3.22554,24.83303,1.0,-0.36636,-1.29720,11.66266,-3.83606,1
99.71317,1.00246,-95.49315,-3.21487,20.46098,3.0,0.76097,-0.70337,11.44486,-1.01344,1
96.71067,-0.27410,-102.88019,-3.21685,45.04354,1.0,0.39295,-0.20157,11.20096,4.77929,1
106.18072,-0.10346,-101.94038,-3.23266,40.30008,1.0,0.26503,0.69767,11.98060,-5.19640,2
106.39434,0.40495,-99.56102,-3.24619,34.59423,2.0,-0.20519,-0.96218,10.00038,-2.82191,2
102.28651,-0.84098,-99.48451,-3.22399,17.30643,1.0,-2.62367,-0.93558,11.45626,-2.54018,1
96.08810,0.57917,-101.83414,-3.24351,14.46469,2.0,0.37195,-0.56974,11.83641,2.88446,2
100.76574,0.83234,-101.66148,-3.18934,53.70241,5.0,-0.19254,-1.15161,10.36697,2.13774,1
108.29259,1.05279,-103.50763,-3.21652,40.72900,1.0,-0.61359,-1.02522,9.21503,-2.92024,1
98.67999,0.41151,-99.09992,-3.26696,20.81664,4.0,-0.90222,1.59160,10.10168,-1.32219,2
105.86770,0.84467,-100.73090,-3.26984,23.35571,4.0,0.20390,-0.59684,10.26060,-2.01203,1
104.57454,0.51417,-100.80555,-3.24104,12.96044,2.0,-3.57989,0.19401,13.78099,-0.93601,2
99.51971,-0.01915,-96.33377,-3.21088,30.06471,3.0,-1.04689,0.23358,11.24863,-1.69597,2
95.00496,-0.17928,-99.40829,-3.22619,2.54073,1.0,0.25519,-0.99656,9.84928,-2.13283,2
106.25541,0.34252,-97.28422,-3.25917,19.70364,2.0,-0.19549,0.87910,10.83993,3.05724,2
97.42431,-0.41510,-96.90753,-3.23596,12.14957,1.0,-2.42679,-2.44720,9.23499,-1.94004,1
105.74320,0.13673,-96.72962,-3.23171,35.48760,1.0,0.73926,3.18862,10.24466,-4.11743,2
103.49544,0.35418,-102.22380,-3.23031,37.11534,1.0,-0.69632,-0.34140,11.31675,-0.41995,2
100.94914,0.37100,-94.51201,-3.23084,33.42465,1.0,1.66907,-0.49883,10.74101,-2.82412,2
87.32124,-0.87240,-96.71543,-3.22455,7.20021,1.0,1.32548,-4.24133,8.53451,-2.45328,1
94.89350,-1.29920,-103.95600,-3.24207,-2.35835,2.0,1.02722,-0.04841,11.29158,-0.33844,1
96.66968,0.11953,-101.14000,-3.25554,30.39672,2.0,0.17986,-1.34846,11.86273,-2.23598,2
100.09079,-0.55403,-100.35027,-3.22070,14.10503,1.0,0.35264,-0.16437,12.84210,-1.98764,1
103.12633,0.54308,-99.09361,-3.25449,37.33708,2.0,-0.31038,-1.85137,8.95969,-2.71587,2
100.59384,-0.40277,-101.19052,-3.21513,12.85159,3.0,-0.64005,-0.19582,11.14115,-2.07064,1
102.60185,0.23968,-100.16917,-3.25611,24.03771,2.0,-0.13907,-0.84494,11.78550,-2.18426,2
103.04235,-0.39298,-102.13042,-3.28386,16.67699,4.0,-0.75388,-0.57544,12.80928,-1.13818,1
99.40002,0.40658,-101.01421,-3.22663,41.04549,1.0,-1.00154,0.20641,9.07393,-1.70607,2
97.53620,0.41499,-101.18965,-3.23862,21.05671,1.0,0.83277,-1.83256,12.12455,-4.32386,2
93.13330,0.14756,-98.57848,-3.22623,21.06526,1.0,-1.00801,1.42008,11.58958,-3.30848,2
97.69055,-0.12742,-96.68617,-3.21323,36.81191,3.0,1.05564,0.78486,10.16164,1.28801,2
93.16125,-0.08616,-95.46076,-3.25665,7.09622,2.0,-2.32669,0.02203,11.05935,-1.53930,2
97.43554,0.20418,-99.08879,-3.24446,17.80084,2.0,0.10624,-1.21531,12.64359,-4.43076,2
105.79596,-0.34074,-101.92807,-3.26722,15.75663,4.0,0.31944,-0.05187,12.53228,-1.89408,1
95.86785,-0.49838,-98.54229,-3.26893,25.94505,4.0,-0.69851,1.84956,11.17922,-1.34164,1
108.68350,0.35093,-102.16367,-3.27716,38.29332,4.0,-0.80813,0.10833,12.25330,-2.20147,2
99.30605,0.10673,-101.52692,-3.26557,15.16412,4.0,-0.01234,-1.12561,10.25340,-2.76867,2
107.80429,0.70668,-101.02427,-3.23585,26.63618,1.0,-1.63328,0.36514,11.01201,-2.23956,1
97.13660,0.08269,-101.37743,-3.19618,22.27406,3.0,-0.02857,0.98209,11.67343,-2.67750,2
98.49528,-0.12613,-100.75694,-3.24709,29.39136,2.0,-1.58669,-1.59752,11.00376,-1.16405,2
96.91834,0.63337,-105.45302,-3.25078,29.56779,2.0,0.01517,-2.06953,9.55746,-0.33005,1
97.91070,-0.79545,-97.49149,-3.23838,24.38650,1.0,0.34821,1.03333,12.17718,-2.84034,1
94.55801,-0.44794,-96.30140,-3.22772,8.72845,1.0,-0.06788,0.39129,13.13161,1.55624,1
96.89661,0.20787,-95.37673,-3.21472,20.66548,3.0,0.85305,0.74778,10.74064,-2.48124,2
102.41484,-1.05218,-106.54180,-3.25317,15.58298,2.0,-0.40861,-0.64755,11.27560,2.85264,1
99.25884,0.30952,-103.57368,-3.21797,34.31292,1.0,-0.22399,-0.55117,11.23297,-2.44599,2
101.61369,0.07778,-101.59135,-3.21875,20.80449,1.0,0.26424,0.69785,11.89997,-1.55861,2
94.03637,0.12536,-97.21234,-3.26804,27.81101,4.0,3.97980,2.06587,10.35016,-1.84581,2
103.67738,-0.17923,-101.21494,-3.22403,32.10348,1.0,0.48153,1.09167,13.29452,0.90600,2
101.02922,-0.11958,-102.91551,-3.25041,22.27535,2.0,-0.48502,-1.31126,10.46221,-0.93917,2
104.34638,-0.56737,-99.22666,-3.26244,36.43169,4.0,-1.63507,-1.40291,9.59852,2.18169,1
104.80766,-0.64755,-99.47224,-3.21201,48.88469,3.0,0.73127,-0.75594,10.49678,-2.44028,1
101.92751,-0.81893,-104.25301,-3.26442,41.64028,4.0,-1.75283,0.21039,14.25348,0.30837,1
101.41395,-0.40648,-99.45277,-3.19596,42.46785,3.0,-2.04460,2.24735,9.33409,-2.95351,1
97.33868,0.48417,-96.97978,-3.27007,21.43610,4.0,3.06205,-0.10941,12.57739,-1.31891,2
102.25731,0.11162,-100.98361,-3.23716,39.75137,1.0,0.57904,0.14912,10.59280,-0.50579,2
97.26843,-0.14950,-98.38988,-3.22527,11.88796,1.0,-0.78518,0.02786,11.84138,2.08687,2
98.73577,-0.00120,-98.67334,-3.19775,25.39888,3.0,1.53548,0.06287,10.56804,-0.28666,2
99.88787,-0.21149,-98.41023,-3.26424,19.43125,4.0,-1.00259,0.27401,12.60825,-1.77462,1
100.54084,0.87030,-102.81319,-3.22303,39.80320,1.0,-0.53202,-2.02158,11.98987,-2.51669,1
90.98858,-0.22378,-99.99133,-3.27888,33.45036,4.0,1.80141,-0.22199,10.81089,-0.43498,1
100.20782,-0.20582,-97.96269,-3.27503,42.30745,4.0,-0.20765,0.17510,7.71068,2.04994,1
107.77169,0.19853,-101.08192,-3.27175,33.86264,4.0,0.63501,-1.02286,11.23310,-1.28603,2
89.78819,-0.31609,-98.60873,-3.25255,15.02162,2.0,1.99598,-1.82619,10.39211,-1.86360,1
101.05979,0.05292,-103.35562,-3.27474,13.36408,4.0,-1.56922,-0.56909,12.52115,-1.44327,2
102.16026,1.33612,-102.55271,-3.26971,25.05089,4.0,0.07533,0.28224,10.07042,-2.60765,1
95.41318,0.18367,-98.41266,-3.27929,18.47144,4.0,0.86221,0.90748,8.39773,1.76702,2
101.42746,-0.12961,-97.07635,-3.26802,14.38835,4.0,0.09769,-2.55570,11.86334,0.01756,2
98.27222,0.54204,-99.25237,-3.26039,30.17023,2.0,-1.45373,0.00212,10.30501,-2.19404,2
94.40196,0.00159,-100.79593,-3.20897,16.28273,3.0,0.56136,-0.43158,12.33154,-1.05474,2
98.33877,-0.62905,-96.51438,-3.25028,14.11065,2.0,0.29860,0.52555,8.33201,2.70145,1
97.25400,-1.04521,-101.52645,-3.26112,3.85408,2.0,-1.46991,0.26990,9.02618,-1.82289,1
102.02888,0.80240,-99.28151,-3.27213,23.65549,4.0,3.55023,1.26408,11.15186,-1.98925,1
94.70013,-0.66018,-96.12666,-3.23312,28.75358,1.0,-2.04990,1.43577,10.29689,-3.94768,1
101.35707,0.19942,-99.26325,-3.26868,27.09315,4.0,1.45926,2.79948,11.00002,-1.80383,2
95.59648,-0.86838,-101.22506,-3.26891,0.74172,4.0,1.69922,0.79534,9.84282,-0.66739,1
97.87986,0.41059,-99.51422,-3.24735,28.76230,2.0,-0.60930,-0.67515,12.26051,-0.18990,2
89.61989,-0.45297,-99.21268,-3.23887,5.63341,2.0,3.20161,1.68994,9.34557,2.93383,1
100.26215,-0.53459,-99.51076,-3.22276,47.87243,1.0,-1.05740,0.88430,10.87406,-2.16574,1
100.53474,-0.05066,-101.64477,-3.26742,28.14025,4.0,-4.48149,-1.70460,7.50423,1.88708,2
107.48774,-0.56530,-107.27062,-3.27167,20.09972,4.0,4.62334,1.30276,13.37469,-0.88544,1
98.64165,0.20950,-100.78117,-3.25059,42.47345,2.0,0.48484,0.99172,11.88520,-2.39285,2
96.01341,-0.22184,-97.73206,-3.23627,18.11942,1.0,1.82343,1.01283,14.51167,0.13671,1
103.74790,-0.24050,-90.62362,-3.23455,42.38182,1.0,0.50275,0.00750,11.89394,0.13932,1
98.32300,-0.20466,-101.04552,-3.20745,32.64224,3.0,1.04289,0.89083,8.10344,-4.81074,1
99.29406,0.77651,-99.08823,-3.23580,26.59016,1.0,0.19168,0.86745,11.65519,-1.33661,1
99.78213,0.22473,-94.74266,-3.23097,7.67797,1.0,-1.74442,-0.85267,7.32364,1.40768,2
94.03037,-0.75224,-96.39095,-3.27597,13.50597,4.0,0.02304,-0.77379,13.14930,1.16464,1
98.40287,0.37502,-92.91073,-3.25160,26.96937,2.0,-0.46458,1.52811,13.79141,-0.79592,2
99.25798,1.05974,-100.68182,-3.26731,24.58862,4.0,-1.12062,-1.50585,9.84845,-1.66862,1
103.59255,0.34055,-99.49976,-3.22743,22.68839,1.0,0.18476,-1.82126,13.39858,-0.68527,2
101.49349,0.19676,-103.85744,-3.21344,20.94325,3.0,-0.74530,0.45236,11.70697,3.79008,2
104.35957,-0.27125,-102.73070,-3.22681,35.42872,1.0,-1.65305,0.41333,11.09212,4.51831,1
104.22358,1.01449,-103.52213,-3.22777,32.58883,1.0,-0.11024,3.02120,10.65378,0.35485,1
100.54688,-0.14943,-104.51159,-3.25774,31.73996,2.0,0.00856,-1.78730,13.01017,-2.49879,2
99.71150,-0.45107,-103.82977,-3.24779,32.48193,2.0,0.10934,0.24821,10.84959,-1.35529,1
103.52488,-0.11427,-103.56128,-3.21311,32.12749,3.0,-1.66110,-1.62430,10.74726,-2.11068,2
101.95773,-0.46361,-104.79388,-3.22672,34.35483,1.0,-0.25912,2.98899,12.45986,-3.05124,1
98.16129,-0.25646,-101.27869,-3.23468,19.20764,1.0,1.40821,1.69084,11.85387,-2.08663,1
101.41840,0.04281,-99.39590,-3.22392,37.95214,1.0,0.29048,1.81309,9.35351,-1.45562,2
91.66625,0.60139,-97.16261,-3.19585,20.46756,3.0,-1.77008,-0.04357,12.36057,-0.59426,1
103.10095,0.28657,-97.53753,-3.26145,27.81334,2.0,1.41249,1.14361,11.30592,0.48827,2
97.33866,0.40792,-99.76567,-3.22173,22.93129,1.0,-0.66061,-0.50108,11.86375,-2.02564,2
101.30662,0.47216,-97.18526,-3.22582,36.93774,1.0,-0.41032,-0.10019,11.35454,-0.73972,2
95.55820,0.38259,-99.98535,-3.24226,14.91240,2.0,0.24181,-0.64309,10.50315,0.93886,2
102.48963,-0.40466,-97.64638,-3.23725,48.04449,1.0,-0.43031,1.83088,12.49191,-2.25732,1
97.83799,-0.33071,-101.46923,-3.24915,18.03807,2.0,-1.36285,-0.22068,10.75045,-1.26003,1
102.64772,-0.42390,-99.20134,-3.21394,21.00567,3.0,-1.29403,-0.24931,11.85703,-3.54089,1
98.89364,0.20047,-99.72979,-3.20162,30.66977,3.0,-1.39896,-0.58086,11.14318,1.28597,2
95.28846,0.49546,-96.51136,-3.28728,10.12629,4.0,-2.35754,-0.92070,11.71714,-2.46827,2
103.01781,0.22922,-104.16066,-3.23147,16.02885,1.0,0.87863,1.36511,13.42913,-2.28090,2
99.98422,0.37309,-101.54835,-3.25967,27.49348,2.0,-0.97230,-0.28642,8.91250,3.01115,2
95.83305,-0.04399,-100.93059,-3.20743,19.27179,3.0,-0.13598,1.51007,10.28653,2.47336,2
96.57927,0.05789,-96.38633,-3.27425,10.86031,4.0,-0.60570,-1.52705,12.61497,-0.93446,2
98.90825,0.18625,-98.95832,-3.21948,29.17148,1.0,0.49564,2.11032,10.07271,-1.34806,2
99.05192,0.32024,-101.98192,-3.26659,2.92536,4.0,0.59319,0.12018,11.71039,-1.00315,2
100.68703,0.25566,-98.88541,-3.25587,40.44781,2.0,1.08936,-3.01339,11.42944,-3.73067,2
98.64898,0.24190,-99.07843,-3.21600,34.21274,1.0,1.28401,-1.73407,11.38567,-1.49413,2
97.89877,-0.16650,-99.70030,-3.22351,19.18951,1.0,-0.64094,-0.22746,13.85816,-0.85264,2
98.30861,0.01116,-100.26543,-3.22385,27.87695,1.0,-1.57324,0.21771,12.19995,-1.68297,2
95.19452,0.20606,-95.03443,-3.26535,30.27725,4.0,-2.87115,-1.34608,12.77078,-0.96771,2
100.21926,0.59468,-102.40183,-3.23595,41.79599,1.0,-2.10095,-0.86047,9.99953,-2.53258,2
104.38674,0.13841,-97.92564,-3.26804,26.73992,4.0,0.33994,0.96977,9.52659,3.45930,2
98.19188,0.28358,-103.03135,-3.26257,17.31163,4.0,-1.35497,0.99953,12.91837,0.21172,2
100.80574,0.20335,-96.44167,-3.25481,27.70844,2.0,-2.13636,2.30882,11.05147,-2.29115,2
99.40206,-0.09784,-96.98713,-3.25857,16.56360,2.0,-0.20763,1.94094,12.74838,0.08567,2
94.66864,0.08120,-95.98440,-3.23693,20.38511,1.0,-0.13521,0.75202,11.39362,-0.72463,2
107.18028,-0.29327,-104.83502,-3.25949,40.88568,2.0,1.82753,-0.36514,11.83884,-1.95463,1
96.51373,0.97132,-97.97552,-3.21752,16.49248,1.0,-0.37400,0.65325,11.17425,-2.32670,1
96.82858,-0.19162,-96.14508,-3.25749,25.09299,2.0,0.39919,1.28650,7.32043,2.96488,2
96.40528,-0.42458,-100.79522,-3.24297,20.35885,2.0,-0.26170,1.32036,14.24643,0.98427,1
101.60071,-0.24338,-102.07167,-3.23819,5.80680,1.0,1.18864,-0.69274,14.51497,-1.05587,1
97.47180,-0.67007,-95.27095,-3.22806,31.95719,1.0,-0.55945,-1.37991,12.88245,-0.55907,1
102.90018,-0.45064,-99.11810,-3.19068,33.72719,5.0,-1.31588,1.16650,11.36751,-2.25035,1
107.08558,0.95940,-99.08047,-3.21339,34.89355,3.0,1.08941,1.29134,11.19024,-1.41002,1
95.56992,-0.21195,-100.75100,-3.23114,14.89988,1.0,-0.45846,0.36721,10.85572,-2.02890,1
104.45693,0.67973,-103.10308,-3.19641,32.18656,3.0,-1.19535,0.91588,9.98614,-2.79748,1
98.15905,-0.06256,-100.10681,-3.23870,18.84342,1.0,-0.87799,0.12538,13.49470,-0.43080,2
94.63341,-0.79699,-98.41603,-3.28260,21.52848,4.0,-0.25885,0.01620,8.43999,1.50356,1
105.99081,0.00655,-96.64695,-3.24822,36.12679,2.0,-1.86131,-1.45383,13.99736,-0.63548,2
100.73532,0.33355,-99.07869,-3.23303,35.89379,1.0,0.47077,-0.61777,11.72929,0.42222,2
108.98107,-1.06903,-98.63922,-3.23895,21.11494,2.0,0.51273,-1.19231,10.26456,-2.29786,1
94.02594,-0.27769,-100.44156,-3.25374,22.39815,2.0,0.12554,-1.05649,11.03023,-2.75923,1
97.37393,-0.36461,-100.40448,-3.25322,15.73996,2.0,-0.63049,0.23887,12.80142,3.19895,1
98.13083,-0.54444,-98.90536,-3.20780,26.96451,3.0,-0.11445,-1.28159,11.18636,-1.48809,1
98.09617,-0.05202,-104.03904,-3.21080,22.38085,3.0,1.17200,0.45556,10.14112,-2.30804,2
97.39899,0.30796,-104.28041,-3.26370,5.78751,4.0,0.19796,0.14339,12.01286,-2.13238,2
97.34800,-0.83711,-94.18618,-3.26060,34.62386,2.0,2.30825,1.42376,11.77986,-1.72403,1
100.98698,0.35213,-103.65477,-3.24833,22.55166,2.0,1.84022,-1.55239,13.21477,-2.74944,2
105.61099,0.20140,-98.80630,-3.23966,24.45991,2.0,0.60695,3.32375,11.24824,-2.54564,2
102.46902,0.69005,-102.80458,-3.19178,13.40614,5.0,0.75201,-1.69581,13.21132,-0.34053,1
100.96573,0.61080,-97.94561,-3.24949,29.26344,2.0,0.98509,1.78007,10.56333,-0.68279,1
100.18019,0.80666,-98.58450,-3.25498,15.16449,2.0,0.65762,1.15827,10.93289,2.25890,1
101.69406,0.21331,-102.71123,-3.20577,19.77749,3.0,1.76244,-1.82724,10.51220,-2.65263,2
101.26852,0.49302,-101.78266,-3.26851,47.85170,4.0,-0.11917,-0.73953,10.43484,-1.43191,2
94.82216,-0.45034,-100.09064,-3.26272,38.54508,4.0,-0.13543,-0.67930,9.64038,3.67122,1
103.92030,-0.42459,-101.50613,-3.22185,37.25069,1.0,1.08789,-1.44149,10.70020,4.99694,1
99.84748,-0.06594,-91.05109,-3.21971,8.41673,1.0,-0.44156,2.55957,10.03716,-1.39315,2
100.43134,-0.27170,-103.20107,-3.22089,13.82187,1.0,-0.01490,1.69782,11.60123,0.21145,1
102.99461,-0.10775,-96.52539,-3.21111,35.97623,3.0,-0.51339,1.44189,10.03466,-3.05750,2
98.77457,0.09842,-99.63271,-3.26264,18.40532,4.0,-0.89454,1.97912,11.30024,-4.05824,2
107.14700,0.18518,-97.89736,-3.22252,40.78769,1.0,-2.44272,0.18346,10.97268,-1.25820,2
99.31456,0.16694,-95.78141,-3.20297,30.56816,3.0,-0.13866,-0.48031,11.89682,3.78238,2
97.91428,-0.46419,-101.79921,-3.20552,33.85998,3.0,1.85687,-0.48987,10.28785,0.19510,1
98.62778,-0.18963,-97.61864,-3.20856,22.70881,3.0,-0.96102,0.26913,9.02456,1.25447,2
95.45178,-0.47029,-99.72092,-3.20634,30.20802,3.0,0.12244,1.08079,11.78188,-0.79580,1
101.79416,0.45643,-99.27286,-3.23207,18.83107,1.0,0.27114,0.18765,11.99057,-2.31304,2
97.01348,-0.25817,-100.91070,-3.25783,28.02026,2.0,-0.50462,0.85704,10.72361,-2.99187,1
98.84664,0.24281,-99.73956,-3.26000,32.62546,2.0,-0.07894,0.18794,12.57529,-1.20396,2
103.47562,0.43064,-99.22022,-3.25712,28.45628,2.0,1.31819,2.24085,10.41774,1.42418,2
104.41853,-0.03825,-99.04184,-3.26802,33.13963,4.0,-2.73638,-0.75053,13.30540,-1.48020,2
92.46262,-0.07392,-102.73397,-3.26811,30.87999,4.0,-1.55849,0.35787,14.37491,-0.24704,2
107.63995,0.03160,-105.47909,-3.23503,45.05372,1.0,-1.00059,2.54966,8.99859,-1.64669,2
103.69186,0.13758,-105.82431,-3.26018,47.62111,2.0,-2.97956,-0.25537,10.08354,1.48264,2
104.72117,-0.63678,-100.52859,-3.25726,1.00563,2.0,-1.21411,0.91965,10.32575,-2.33769,1
103.34070,-0.10776,-99.62158,-3.24688,19.79846,2.0,-0.08263,1.48266,11.54344,-2.53718,2
102.75040,0.34235,-101.48428,-3.25635,8.28171,2.0,1.33713,-1.18454,9.18553,-3.54601,2
104.10637,0.69610,-103.43606,-3.19236,32.45358,5.0,-0.05988,0.25845,13.45863,3.18239,1
102.92169,-0.06335,-104.33871,-3.23903,31.99818,2.0,-1.67744,-1.61632,9.85506,-0.71351,2
87.23828,0.05154,-94.77954,-3.27444,31.21415,4.0,-2.25109,2.78116,13.85519,-2.08501,2
97.26365,-0.38942,-97.20988,-3.24594,8.05460,2.0,-0.11276,2.34652,13.70376,0.31559,1
108.93173,0.84925,-106.22695,-3.20326,39.88856,3.0,0.53489,-1.45600,9.78271,-2.15975,1
97.50572,-0.28680,-102.48054,-3.22444,17.06151,1.0,0.17010,1.56715,12.05556,-0.62208,1
97.81647,0.29900,-101.67081,-3.26869,10.76268,4.0,-0.37541,-0.79114,11.89446,-1.80665,2
103.45509,0.69232,-104.21758,-3.23110,16.36761,1.0,-1.25098,-2.37256,11.84038,-2.12548,1
94.78531,1.14084,-99.03085,-3.27567,25.02313,4.0,-1.97067,-2.81998,12.09967,-1.27817,1
92.68337,-0.67630,-96.74047,-3.23497,24.69460,1.0,-0.01985,-1.35440,12.43758,-0.56211,1
100.09051,0.17031,-99.66571,-3.27274,41.60210,4.0,-0.56651,-2.39190,10.94349,0.23990,2
98.17972,-0.65700,-93.93883,-3.20746,21.22657,3.0,-1.17061,0.36337,10.67199,-0.86004,1
100.03066,0.39776,-105.36336,-3.22210,37.25804,1.0,-0.46334,-1.96338,12.65735,-0.44012,2
103.82501,-1.08206,-102.33221,-3.23878,32.98835,2.0,-1.11865,0.08474,11.78806,-1.47771,1
96.86339,0.07407,-98.45167,-3.25550,5.31095,2.0,-0.34894,-1.42814,10.36750,-2.18865,2
101.04364,0.14857,-102.78382,-3.20913,26.34969,3.0,-0.71305,-0.23797,10.61717,3.17995,2
100.44863,0.38351,-102.97853,-3.23144,15.82643,1.0,1.75177,0.76629,10.54037,-2.45498,2
96.68715,0.22425,-97.59448,-3.26612,14.53400,4.0,-0.28916,-1.25564,11.16799,0.16927,2
102.90523,0.24645,-101.02110,-3.19912,28.16140,3.0,1.20209,-1.22270,10.24207,-2.45783,2
93.70184,-0.19293,-95.45728,-3.24584,11.42654,2.0,1.33867,0.63537,12.60216,-1.93753,2
103.31333,-0.17354,-100.80992,-3.18928,29.08115,5.0,-0.65693,-1.58693,11.57631,-0.41611,2
95.77682,0.40523,-98.31331,-3.23483,36.85695,1.0,1.29011,2.66629,8.36916,-2.25380,2
101.03975,0.50219,-99.93839,-3.23223,20.32626,1.0,0.31099,0.55337,12.70538,-1.93895,2
101.37003,-0.17979,-97.77207,-3.21502,34.85306,3.0,1.77721,0.56486,10.95215,-3.01225,2
97.59876,-0.33241,-103.50194,-3.21494,14.91167,3.0,1.63028,-3.02725,11.91338,-0.05310,1
106.37496,-0.86390,-99.83215,-3.26460,46.95077,4.0,1.85955,3.11977,11.78930,-0.50304,1
98.72914,-0.06742,-101.21190,-3.26043,17.63631,2.0,-1.78200,0.87036,7.96102,-2.85510,2
101.19715,0.05024,-104.45990,-3.26440,21.06147,4.0,-1.04450,0.28710,11.11295,-1.44365,2
99.07149,-0.18928,-100.73649,-3.26012,21.42150,2.0,-0.87414,1.21814,9.54933,-3.46440,2
94.53624,-0.71800,-93.02034,-3.20827,10.32752,3.0,-2.56384,-1.80924,12.71983,0.00131,1
102.24411,-0.28699,-98.72820,-3.21990,26.75999,1.0,0.45693,0.67102,10.26515,3.92392,1
102.89439,0.32570,-98.31925,-3.25511,26.76743,2.0,2.53696,-0.51978,14.65643,2.00028,2
102.62819,-0.78331,-100.76708,-3.24191,22.10701,2.0,1.25268,0.78714,15.61697,0.32319,1
101.52282,-0.44327,-100.09578,-3.27936,26.78876,4.0,-0.46141,1.77229,14.08518,0.79887,1
95.43875,-0.34398,-99.80597,-3.24680,5.57711,2.0,-0.44694,0.85905,13.81435,3.03117,1
98.97867,-0.01937,-105.77789,-3.28105,45.45853,4.0,-0.91275,0.89659,9.19073,-1.18226,2
102.40065,-0.33583,-101.96656,-3.22481,27.27752,1.0,-0.77936,0.22861,9.86597,0.65403,1
108.22704,0.70043,-100.51327,-3.24961,31.79930,2.0,-3.06686,-3.99394,11.46183,-1.37790,1
99.58445,-0.39993,-99.63939,-3.23247,27.65558,1.0,5.56236,2.43674,9.57118,1.38911,1
100.46085,0.51115,-96.53611,-3.19144,41.63527,5.0,-0.83538,0.13918,9.65067,3.25660,2
96.60669,0.03500,-96.64721,-3.27699,12.07912,4.0,1.49239,-1.52860,11.63912,-3.31795,2
102.89581,0.24758,-102.90127,-3.24036,12.81749,2.0,0.47493,0.18773,8.09325,-0.49827,2
96.94116,0.13877,-100.44446,-3.23759,18.34204,1.0,0.82123,1.77037,12.15055,-1.28962,2
106.46004,-0.50076,-100.42972,-3.20833,44.72720,3.0,-1.76599,-0.34793,12.47186,-2.85710,1
102.46815,-0.61662,-104.07146,-3.24835,15.19812,2.0,0.68649,0.03727,10.02716,-1.65001,1
98.04834,-0.97530,-101.09834,-3.23678,15.03855,1.0,0.95937,-0.52969,10.91284,-2.93862,1
98.35427,-0.25885,-97.01045,-3.25144,29.80966,2.0,-1.93626,-0.29708,11.34555,-0.70562,1
100.47235,-0.34881,-101.00797,-3.25082,35.81375,2.0,-0.36290,-0.61101,13.40189,-0.43632,1
95.84353,-0.21532,-102.24613,-3.24912,15.17249,2.0,-1.34356,1.14896,12.01534,-2.13781,1
111.48101,0.74674,-104.57685,-3.23804,21.48109,1.0,0.46514,-0.61427,11.31875,2.38390,1
104.24163,-0.21545,-99.21644,-3.25173,10.35172,2.0,2.28670,0.80220,14.90519,-0.74265,1
94.03715,-0.24528,-102.29343,-3.21913,29.55909,1.0,-0.21014,0.74720,13.37004,2.91187,1
94.06006,-0.46499,-97.20204,-3.25381,11.84155,2.0,-1.03575,0.62976,9.95170,-0.54247,1
104.08092,1.07181,-103.96945,-3.21700,25.61788,1.0,-0.00203,-0.43678,10.97673,-0.79692,1
104.98284,0.87202,-101.71813,-3.23428,27.20971,1.0,1.25969,-2.09972,9.06227,-1.72275,1
106.82426,0.45900,-100.23210,-3.22884,26.70834,1.0,0.04820,0.08103,10.44344,1.70347,2
96.40021,-0.37220,-94.79229,-3.21836,21.84381,1.0,0.50678,-0.29953,12.77324,-2.25779,1
94.54744,0.26373,-98.50572,-3.26338,10.45230,4.0,1.51452,-1.66257,10.36149,-2.84415,2
106.12601,0.64367,-102.08004,-3.23675,27.97919,1.0,1.41095,-0.97247,9.86530,-0.81691,1
97.39796,0.26474,-97.94106,-3.26180,10.97804,4.0,-0.28358,-2.54918,13.17190,0.10085,2
93.14854,-0.42345,-102.41449,-3.24009,19.34395,2.0,-0.23714,-2.46273,12.81081,-3.32955,1
101.92018,0.14184,-96.06197,-3.22874,32.00473,1.0,2.60397,1.75953,10.99161,0.30042,2
100.97342,-0.33426,-97.25564,-3.18919,21.16099,5.0,-0.12833,1.33216,11.96220,-1.66240,1
92.18640,-0.36979,-95.63714,-3.24802,9.21616,2.0,0.55656,-1.70369,10.17036,-0.23344,1
95.88782,0.98430,-101.72545,-3.26464,39.96050,4.0,-0.33102,-0.72437,10.97006,-1.12269,1
96.08632,-0.27049,-97.31846,-3.23355,11.25024,1.0,-1.18836,0.41533,9.68399,4.36838,1
102.04575,-0.48158,-98.35588,-3.24103,27.16657,2.0,0.79119,1.44883,12.95066,-0.77543,1
99.81722,0.05772,-104.25286,-3.24703,16.52585,2.0,-1.79209,1.35303,12.19746,-1.20579,2
93.93699,0.33209,-93.74581,-3.24504,5.63990,2.0,-0.14577,-0.14301,8.98536,0.99524,2
102.06792,-0.03788,-102.23789,-3.21198,22.60284,3.0,2.03780,2.46379,13.76079,-1.72156,2
99.14555,0.73969,-105.12542,-3.23351,25.69855,1.0,0.28267,0.24417,9.99887,0.52557,1
101.27396,-0.53240,-99.59177,-3.21210,37.81747,3.0,-0.84755,0.88200,11.68699,-2.34241,1
104.00121,-0.67173,-99.27628,-3.23874,23.55405,1.0,0.73447,0.39548,10.96423,4.10697,1
100.86498,-0.57271,-103.54597,-3.23623,34.89854,1.0,-2.57814,0.75580,9.03009,0.32661,1
105.26086,0.60842,-102.01054,-3.26638,30.11834,4.0,0.44621,0.76828,10.32755,3.21916,1
101.95716,0.54998,-97.27843,-3.26778,29.76192,4.0,-0.33293,-1.36887,11.64274,-1.84231,2
98.35536,0.35208,-98.84873,-3.26218,21.25610,4.0,-0.31867,0.28500,11.21725,0.04032,2
94.91938,-0.28219,-98.76554,-3.27268,20.80066,4.0,-1.16100,-1.23526,11.87537,-1.32928,1
105.81939,-0.22627,-103.70989,-3.23951,38.33643,2.0,0.40675,3.33331,9.74057,-2.39448,1
101.36302,0.06183,-101.75564,-3.19945,30.71751,3.0,-1.08198,-0.75401,11.33199,-1.92071,2
98.26047,-0.08673,-103.56982,-3.25084,14.69586,2.0,-0.28505,-0.58881,11.32199,1.00380,2
96.63196,0.23491,-96.05749,-3.21237,26.24621,3.0,0.40692,0.54099,10.48558,-1.45677,2
98.11665,0.17484,-98.50387,-3.23202,24.38986,1.0,-2.38552,1.47034,11.76144,-0.37633,2
103.06864,-0.44065,-104.92285,-3.23401,26.52109,1.0,3.10298,1.66961,9.36956,-0.17011,1
93.55175,0.20483,-99.98127,-3.24717,20.69422,2.0,0.57480,1.83446,12.15096,-1.28437,2
95.64066,-0.17907,-96.12805,-3.26400,12.22367,4.0,-2.15789,-0.69767,10.83096,-2.70715,2
103.27586,-0.02287,-102.31134,-3.18886,39.97305,5.0,0.10616,-0.83604,12.50708,2.61532,2
95.93450,0.35065,-101.11884,-3.24501,22.30513,2.0,-0.36904,1.16286,11.49062,2.20416,2
105.24515,0.54670,-103.84126,-3.24323,35.99619,2.0,0.27274,0.75014,13.93408,-0.64744,2
103.42180,0.27440,-102.30220,-3.24769,30.56070,2.0,0.93775,2.40264,10.93671,-1.68556,2
98.17935,-0.55177,-98.86171,-3.28143,19.62253,4.0,-0.11976,0.31420,9.54336,-1.00196,1
100.99553,0.80461,-103.16176,-3.23713,33.37635,1.0,-1.24725,0.57363,9.25051,-0.54701,1
100.32225,-0.08783,-99.67443,-3.22933,16.85181,1.0,-0.22728,0.21768,10.65709,0.46245,2
94.89596,0.49239,-97.70196,-3.26035,21.75799,2.0,0.60952,-1.37768,13.09902,0.56191,2
101.47206,-0.48562,-99.05287,-3.23168,8.49747,1.0,-0.85001,-0.62613,10.30426,2.36400,1
99.61115,-1.04403,-99.77045,-3.20900,26.16684,3.0,-0.94643,0.81956,10.59314,-1.40916,1
99.24245,-0.76760,-99.71307,-3.26138,26.50461,2.0,0.33209,-0.34821,10.78992,-2.18540,1
100.59291,0.04044,-98.32712,-3.25659,29.47518,2.0,0.12828,-0.96054,13.31376,-1.43477,2
100.73340,0.46467,-97.01256,-3.23114,30.03952,1.0,-0.80527,-0.70538,10.53508,4.39376,2
104.04068,-0.27126,-101.42820,-3.27839,32.38209,4.0,0.60196,1.05671,11.91244,-0.26428,1
99.71498,-0.33709,-101.17573,-3.26878,23.09036,4.0,0.28972,0.24159,12.90029,-0.63347,1
93.79724,-0.00944,-97.41683,-3.21897,27.57668,1.0,0.04963,1.13713,8.15301,-1.31302,2
103.41406,-0.02343,-99.25807,-3.27155,36.89694,4.0,1.49018,1.27866,13.49419,-1.20468,2
100.86001,-0.27193,-98.55729,-3.23499,24.47627,1.0,0.14269,-0.68902,14.71161,-0.69846,1
103.55419,-0.48888,-99.62783,-3.24968,44.85951,2.0,-3.76687,-0.81700,10.67061,2.48320,1
94.02835,0.22901,-98.55680,-3.24775,8.12587,2.0,-2.03637,-1.49648,13.33677,0.09485,2
106.68612,0.79935,-99.03268,-3.24208,33.13679,2.0,-0.80912,1.33359,12.32941,-3.20370,1
99.95521,0.58429,-102.77608,-3.19549,29.38372,3.0,-0.57675,-0.82289,9.19010,-1.35041,2
104.70485,0.03098,-100.54622,-3.27522,50.06395,4.0,-3.09445,-0.58416,10.36977,-1.82678,2
104.20011,0.69643,-103.10722,-3.23006,39.62642,1.0,-1.17059,0.08649,10.88430,0.20263,1
99.03141,0.39399,-104.16394,-3.23752,21.16028,1.0,-0.06212,0.79516,12.67933,-2.35092,2
104.34944,0.32936,-97.40083,-3.19720,33.75597,3.0,-1.01014,0.87232,9.19568,-2.63159,2
101.96579,0.03025,-104.03299,-3.19965,18.81104,3.0,0.95011,-1.17924,11.84321,-2.36147,2
95.45673,0.27944,-100.18886,-3.25914,27.35854,2.0,-0.38236,-1.27947,10.84691,-0.36731,2
103.45407,-0.51591,-101.32970,-3.22616,49.19291,1.0,-0.05963,0.64526,7.79481,-0.13256,1
102.99235,1.13014,-106.48968,-3.27564,23.60425,4.0,-2.42117,-1.68487,13.31415,-1.68143,1
105.69860,-0.20246,-95.61929,-3.25248,14.17896,2.0,0.90727,-1.43848,11.11513,-1.64383,2
96.39469,0.52783,-100.11267,-3.22816,7.23112,1.0,1.23275,0.45184,13.26098,0.23377,2
97.82783,0.51342,-99.53683,-3.24547,24.07451,2.0,1.29482,-0.71069,13.22884,-0.91083,2
105.01377,0.43972,-103.81022,-3.23880,32.51279,2.0,-0.00100,-0.25870,9.67584,2.39432,2
96.48982,-0.01681,-99.80150,-3.25852,30.94532,2.0,-0.85465,1.02875,9.92799,1.43597,2
98.29573,0.21222,-102.26553,-3.23166,27.28405,1.0,0.01895,-0.33562,10.55980,-0.45946,2
97.27411,-0.35880,-95.76835,-3.24944,7.82137,2.0,-0.72785,1.01418,10.87083,-1.66367,1
99.59095,-0.01351,-97.58296,-3.25076,17.11897,2.0,-0.94763,1.64211,12.63769,-0.09233,2
100.12017,0.03736,-96.27650,-3.26302,34.39295,4.0,-0.07459,-3.57047,11.66173,-2.62518,2
96.41379,0.13613,-101.68587,-3.22942,14.23734,1.0,1.64138,-0.11779,11.41008,-2.83939,2
105.01356,0.14161,-101.67779,-3.23803,18.21037,1.0,-1.28632,-1.14879,12.08985,0.05252,2
101.92860,0.53347,-99.63778,-3.20354,37.04830,3.0,-0.80317,-0.60449,11.19424,-2.80513,2
102.96417,0.56745,-101.00072,-3.25897,37.90446,2.0,-0.45773,-2.88208,7.54209,-0.15410,2
97.99716,-0.94035,-97.90764,-3.27339,16.49466,4.0,0.41190,0.16597,13.82643,0.19235,1
101.01872,-0.55639,-99.69214,-3.25070,27.38863,2.0,-2.33344,-1.76322,10.68335,-2.42884,1
100.64058,-0.05141,-102.75035,-3.23341,17.05434,1.0,2.51650,2.45924,10.85996,-2.41492,2
107.39550,0.60032,-99.88695,-3.20817,29.40515,3.0,-1.48078,1.08658,9.11473,-2.23804,1
91.25654,0.56426,-97.01562,-3.23072,19.15542,1.0,1.75749,1.83509,8.50549,1.23025,2
99.86949,-0.51289,-100.86584,-3.19072,27.02601,5.0,-0.93675,0.49186,10.09992,-0.76999,1
94.68472,-0.74686,-98.24517,-3.25695,4.37396,2.0,1.63803,-1.65767,11.76516,-3.04901,1
99.25993,-0.29543,-98.03210,-3.24175,30.82565,2.0,-0.00435,0.21045,10.38958,-2.47354,1
106.81820,0.99027,-102.42262,-3.23576,37.14436,1.0,0.52927,0.17374,11.04322,-2.93538,1
101.81225,0.71232,-102.31105,-3.25279,40.15818,2.0,0.16003,-0.37604,13.01780,2.51922,1
104.17071,-1.14650,-97.87058,-3.20038,27.37312,3.0,2.32644,-0.85916,10.41661,-0.60440,1
93.01001,-0.17887,-98.38315,-3.25914,24.36132,2.0,2.02344,1.33001,13.11874,0.21664,2
105.36982,0.11579,-105.13442,-3.21233,40.22273,3.0,0.58414,0.70687,11.21651,3.36423,2
96.75390,-0.82253,-99.64669,-3.26647,23.66874,4.0,2.11181,2.00259,10.99639,1.48942,1
99.32324,-0.62708,-99.18619,-3.24596,25.05797,2.0,-0.34075,0.86852,8.90251,1.04283,1
107.74340,0.22730,-106.32633,-3.21963,31.20457,1.0,-0.53042,1.34622,11.98399,-2.50308,2
106.26739,0.78683,-103.07824,-3.24338,22.56335,2.0,0.56416,-2.23115,12.96049,-3.08795,1
98.33482,-0.72536,-93.85191,-3.25941,18.55938,2.0,-0.71948,0.56510,12.75763,-2.96551,1
99.36253,0.46999,-98.79333,-3.24802,13.25123,2.0,-1.93298,1.06612,8.64448,-1.94343,2
94.48151,-0.76091,-97.31150,-3.25379,2.60497,2.0,-1.07884,0.54739,12.45158,-1.41004,1
100.38243,0.09317,-97.10562,-3.24269,35.89914,2.0,-2.07590,-1.20598,11.01467,-0.76937,2
99.78343,0.25414,-96.41994,-3.21408,30.58743,3.0,-2.29655,-0.33777,12.06071,-1.00775,2
106.03423,1.02505,-104.88090,-3.27567,33.75166,4.0,-0.92152,2.55713,11.92910,-1.95473,1
103.53306,-0.36406,-97.32873,-3.22057,15.12410,1.0,-1.58562,-2.16657,11.41952,-0.82595,1
100.31527,-0.30868,-96.16312,-3.22099,34.16454,1.0,1.33963,-0.42092,11.42661,-3.76563,1
101.24220,-0.32974,-103.76607,-3.24220,23.87971,2.0,-0.13969,0.58010,12.21124,0.61328,1
95.70983,0.26848,-101.12312,-3.25938,30.10591,2.0,0.09201,-0.31444,15.36219,-0.65057,2
98.63387,-0.01558,-101.48679,-3.22571,2.44026,1.0,-1.14190,0.57256,7.24680,3.62570,2
99.72057,-0.11545,-103.55502,-3.21681,52.56161,1.0,-2.30069,0.72227,10.41757,-1.01209,2
93.69398,0.01726,-101.54161,-3.20244,33.97189,3.0,-0.81327,1.28639,9.84639,-2.52486,2
96.65560,0.48051,-96.75538,-3.25197,22.82764,2.0,1.53024,-0.54111,12.24589,-2.57299,2
95.04776,0.26384,-95.39652,-3.22176,9.60582,1.0,-0.53482,-1.59065,12.45599,-1.26018,2
100.97576,0.01023,-101.76935,-3.24412,4.77064,2.0,-0.94751,0.51023,11.74367,-1.68173,2
102.77524,0.43738,-97.96769,-3.27798,36.50654,4.0,0.02050,0.03542,9.35229,-2.37794,2
98.29078,0.52182,-101.40602,-3.22283,14.02170,1.0,0.82232,-0.44668,10.94553,2.68179,2
91.88552,-0.37016,-99.40643,-3.20454,22.00563,3.0,0.71892,1.01781,12.45255,-2.75610,1
101.11174,0.07665,-95.00358,-3.26131,12.22916,2.0,0.47682,-0.16628,8.84125,0.68984,2
101.75366,0.24803,-103.78397,-3.28297,34.03164,4.0,-0.52024,1.69579,12.64412,-1.60506,2
105.08156,0.88308,-99.06617,-3.21146,38.02573,3.0,0.05919,1.72306,12.47547,-1.92510,1
95.67718,0.10984,-99.17558,-3.21120,14.91242,3.0,1.11986,-0.14736,11.20204,2.51678,2
96.57704,0.29617,-97.75480,-3.20761,30.30218,3.0,0.80451,0.41435,12.60841,-3.04432,2
103.73673,-0.03775,-102.69658,-3.23508,34.40985,1.0,1.58497,-1.04642,13.57610,-1.52228,2
97.61796,-1.26722,-103.49806,-3.21075,35.41705,3.0,0.15195,-0.95488,14.27324,0.53654,1
98.87641,0.37393,-101.52883,-3.24707,28.25504,2.0,-1.65742,1.87953,14.96054,0.18168,2
97.25865,-0.14511,-92.82753,-3.23475,3.69312,1.0,-2.94094,1.44621,10.38758,-0.26012,2
102.62619,0.19987,-102.45486,-3.20028,29.60329,3.0,-0.16171,-0.92505,8.23333,1.07271,2
99.26050,0.45686,-97.42134,-3.21324,31.92100,3.0,0.30495,1.00162,9.90597,-3.29569,2
103.85451,0.04171,-102.27469,-3.23205,14.10909,1.0,-0.00789,-1.57388,11.97308,-0.12880,2
105.95527,-0.11538,-102.08761,-3.24857,35.13704,2.0,-1.28079,0.09069,10.32265,0.84250,2
98.23710,0.00200,-102.44123,-3.23191,5.39840,1.0,1.83442,-0.57551,11.45649,-1.55341,2
93.50201,0.34064,-100.78227,-3.27286,26.81314,4.0,-0.69449,2.05614,13.25515,0.68948,2
92.79002,-1.44427,-102.31572,-3.25513,-2.35479,2.0,-0.31496,0.29379,9.68963,0.39804,1
100.27076,-0.48159,-95.53287,-3.26710,18.89342,4.0,-0.73353,-1.82996,10.01314,-1.44738,1
104.27480,-0.01609,-98.99095,-3.24771,48.45041,2.0,-0.71328,-0.28670,11.34599,0.99806,2
100.85702,0.69641,-96.79012,-3.26382,12.79793,4.0,-1.67661,-0.53896,10.09397,-0.52392,1
99.57200,-0.05551,-100.14115,-3.27304,5.31016,4.0,0.14404,-1.56960,9.38734,-0.94915,2
98.12215,0.11134,-99.56129,-3.26714,37.52668,4.0,2.46581,1.13979,12.30516,0.58244,2
105.20205,-0.34321,-106.68936,-3.24889,30.67373,2.0,-1.78145,-1.75433,14.31224,-0.38151,1
94.18538,-0.62350,-96.00470,-3.26692,19.14470,4.0,-3.39919,-1.00313,10.73726,-0.65337,1
94.42934,-0.20263,-100.17227,-3.25064,4.40354,2.0,-0.35142,0.42199,10.53854,-1.13620,1
99.54390,0.38094,-99.88345,-3.23304,47.10981,1.0,-0.88151,-0.28646,8.88431,2.89656,2
102.13514,0.55939,-99.31180,-3.26743,32.75927,4.0,0.98273,-1.01922,15.04184,1.75240,2
95.98049,0.25010,-99.55244,-3.25342,4.10474,2.0,0.24343,2.11679,14.62160,-1.36832,2
93.76050,0.51425,-97.12235,-3.27027,7.02871,4.0,0.53433,1.32059,12.40407,-1.64694,2
102.89729,0.60535,-100.64603,-3.25206,18.74130,2.0,1.80898,-0.04186,13.28583,-1.65017,1
99.12555,0.32649,-97.77907,-3.26560,2.65626,4.0,0.95347,-0.17706,12.40031,-0.64871,2
99.66337,-0.81152,-100.43748,-3.27090,23.51518,4.0,-1.46549,0.22759,11.13763,-1.70458,1
98.15348,-0.81101,-97.97017,-3.26374,20.10926,4.0,0.79998,-0.21246,10.22307,-3.27111,1
95.95023,0.06315,-98.27951,-3.27386,19.27650,4.0,-0.07607,-0.97881,10.07491,-2.57151,2
102.43085,-0.25020,-101.30162,-3.24589,26.18501,2.0,-1.03293,2.40666,9.50331,-1.80265,1
102.08513,-0.23909,-104.40895,-3.27571,37.87206,4.0,0.32512,2.49992,10.19293,-1.41783,1
93.67285,0.15743,-94.16517,-3.25594,15.79560,2.0,-0.47797,-0.41767,9.21417,0.90589,2
107.14761,0.91890,-99.44799,-3.23228,47.19578,1.0,2.49082,0.33515,12.50890,0.19137,1
98.44070,0.51510,-102.81358,-3.22343,28.87580,1.0,2.31944,-2.85166,10.59059,-4.28602,2
101.78241,0.17454,-97.04403,-3.26031,30.08017,2.0,-0.16534,-0.55744,11.52760,-2.11178,2
103.01486,-0.40782,-101.65435,-3.27294,21.47260,4.0,-1.34802,-0.12742,11.59923,-1.91723,1
97.27096,-0.38298,-95.27151,-3.28180,25.89692,4.0,1.05390,-2.21224,8.91926,0.37862,1
99.41101,-0.96107,-103.15628,-3.22654,17.03288,1.0,2.67953,1.34699,10.31991,1.10715,1
100.14077,-0.60660,-104.99806,-3.25851,39.89380,2.0,0.31302,1.31813,14.35032,-1.09689,1
101.13015,0.06001,-97.60041,-3.19266,35.86326,3.0,2.29315,-0.99093,12.50975,2.82454,2
99.29457,-0.39963,-99.90247,-3.25129,33.47577,2.0,-1.10997,-0.26083,10.96192,-2.30617,1
94.99144,-0.31066,-99.04948,-3.26783,20.45489,4.0,-1.28263,-0.23549,13.22993,-1.53367,1
103.04838,0.09424,-103.08158,-3.28280,31.53935,4.0,1.32993,0.74269,13.64469,-0.72673,2
99.45465,-0.55082,-102.81824,-3.21856,32.43064,1.0,0.02595,0.37439,10.19377,-0.57658,1
99.34319,-0.10488,-103.77496,-3.24619,29.59387,2.0,0.36017,-0.12820,13.63126,-1.21693,2
95.14206,-0.00289,-100.44065,-3.28991,6.35078,4.0,1.94934,-0.69771,12.97752,0.67241,2
100.12628,0.61563,-99.73696,-3.25062,9.84187,2.0,0.65455,-0.15920,9.48036,-1.12596,1
101.70119,-0.50509,-103.15361,-3.19901,26.76190,3.0,-0.25651,-0.06558,11.64840,0.59472,1
96.87851,0.59508,-100.71209,-3.25715,18.06908,2.0,1.74819,0.91907,11.96995,-1.30744,2
103.88387,0.58295,-94.38036,-3.21543,45.19512,3.0,-0.92218,0.01119,16.05244,0.28750,2
102.77967,0.64385,-100.13734,-3.21688,19.93798,1.0,-2.89878,-0.97158,13.80467,-0.32027,1
99.76022,-0.55315,-102.65112,-3.27155,13.36345,4.0,1.22577,2.02415,11.00036,-2.71401,1
96.16502,-0.98820,-95.43421,-3.23786,26.66297,1.0,0.08515,0.15999,9.65259,-0.07100,1
106.67635,-0.33043,-98.78121,-3.23776,32.27206,1.0,-2.04089,-2.00490,7.19682,4.93082,1
98.81250,0.58117,-100.51714,-3.27624,5.24751,4.0,-0.86166,0.89185,11.17744,-1.03363,2
106.37744,-0.15868,-103.44458,-3.27376,17.82758,4.0,-0.55568,1.55279,12.42413,-1.88610,2
102.16292,-0.53200,-99.26676,-3.23997,32.21817,2.0,0.12540,-0.47944,11.59336,2.63891,1
105.80475,-0.34125,-100.34267,-3.18611,27.73173,5.0,-1.87758,0.79387,9.86138,1.38099,1
96.65883,-0.27039,-101.36901,-3.25129,32.37179,2.0,-0.97131,0.70819,13.02034,-0.19933,1
97.69667,-0.58053,-99.26189,-3.24775,26.51822,2.0,-0.44254,1.39215,13.57530,-2.00371,1
98.53436,-0.12394,-100.85979,-3.27181,22.45592,4.0,2.35227,-0.92593,12.64696,-2.91876,2
98.53283,-0.00162,-97.53743,-3.19631,32.30744,3.0,1.24454,1.54083,11.20285,-1.85870,2
98.02943,0.05815,-97.49807,-3.23359,19.89079,1.0,0.41554,-0.15429,11.56076,-2.19456,2
98.46936,-0.99683,-100.17622,-3.22719,33.05333,1.0,-0.59740,0.36817,8.94307,1.74556,1
96.27449,0.70855,-103.46428,-3.22025,13.78444,1.0,-0.51006,1.20533,12.88236,-0.15020,1
104.60183,0.36508,-102.04353,-3.24239,38.57686,2.0,-0.44200,1.55895,13.00570,-0.41990,2
90.32976,-0.37940,-99.59607,-3.22744,26.46902,1.0,2.28199,2.60793,10.15520,-1.47519,1
102.12130,0.40279,-101.57587,-3.25828,23.09869,2.0,-3.42132,-2.38879,12.36852,-2.05913,2
98.85487,0.37353,-98.05522,-3.20897,29.29955,3.0,0.91476,0.37411,9.43177,-1.66624,2
108.22107,0.33359,-103.30654,-3.27416,28.04702,4.0,0.68975,-2.49748,12.74046,-0.27761,2
98.76008,0.04841,-102.47716,-3.24649,31.98862,2.0,2.52856,-1.85110,10.42594,-0.57509,2
101.54152,0.45818,-99.92461,-3.22688,25.15801,1.0,0.47637,0.42334,12.32078,0.17042,2
99.22860,0.25951,-98.94849,-3.26206,22.88251,4.0,0.21865,0.73649,9.50395,3.23320,2
98.69483,0.51771,-102.67820,-3.24079,15.35781,2.0,0.75031,0.05397,10.94000,-2.01486,2
102.60474,-0.70503,-100.11213,-3.23914,31.04888,2.0,0.48305,0.60902,11.74841,2.33635,1
98.98385,-0.01627,-99.03351,-3.24003,43.92095,2.0,0.14113,0.15161,10.51504,3.52440,2
95.16966,-0.24319,-97.49414,-3.23347,14.96732,1.0,-0.03696,2.77201,12.06241,-0.37473,1
102.83700,0.81824,-94.94150,-3.23681,15.06679,1.0,2.64901,0.82610,11.38575,-0.89437,1
97.61998,0.10754,-96.10189,-3.24305,29.94647,2.0,0.52358,1.09432,9.15136,-1.02957,2
101.09877,-0.60972,-101.98279,-3.24186,21.95014,2.0,-2.63280,-0.04168,9.55999,-0.27112,1
99.27868,0.05113,-100.75825,-3.25432,9.97229,2.0,-0.85798,-0.05925,9.15309,1.92466,2
97.04318,1.22289,-98.48611,-3.21020,29.72803,3.0,1.35546,-1.43791,11.52661,-2.18087,1
102.05931,0.06877,-95.97564,-3.24687,42.66818,2.0,1.71678,1.29549,12.87666,-1.43584,2
104.33275,0.13030,-105.22893,-3.24088,17.10753,2.0,0.72869,-0.23183,10.39269,4.25698,2
100.98496,-0.47462,-100.42475,-3.22549,28.90411,1.0,-0.85087,0.65242,11.83084,2.49448,1
98.61055,0.29189,-95.61619,-3.27416,9.47487,4.0,0.21642,-0.14357,9.63663,-1.86638,2
104.61577,-0.06799,-102.04047,-3.24836,22.67443,2.0,-2.33478,-1.87828,12.03340,0.29179,2
101.04066,0.43632,-97.26176,-3.24579,11.27907,2.0,-0.89704,1.56248,11.12174,-0.97154,2
92.95918,0.24042,-95.58839,-3.21590,28.38905,1.0,1.62814,0.46396,12.37548,-0.83868,2
103.66281,0.22072,-101.67296,-3.19981,19.85791,3.0,2.51062,-3.27305,11.60404,-0.62709,2
96.86975,0.27661,-99.67192,-3.26436,21.99614,4.0,-1.80332,0.63586,11.89907,-1.66823,2
105.05856,0.22375,-94.61008,-3.23926,35.39975,2.0,0.70025,2.27938,11.93301,-1.79147,2
96.29502,-1.51466,-95.43728,-3.20640,30.97165,3.0,-0.61229,0.80288,13.19326,-2.53634,1
97.22688,0.33929,-99.90218,-3.20658,37.98191,3.0,0.47765,0.08513,11.07735,-1.72281,2
112.23852,0.60520,-98.93383,-3.27176,47.21896,4.0,0.24370,-0.91139,9.40350,-1.45710,1
95.39893,-0.10032,-93.00159,-3.21110,12.84474,3.0,-0.81274,-0.21444,10.96654,-1.59489,2
99.31046,0.31022,-98.89150,-3.25994,23.58157,2.0,1.21832,0.21355,12.09785,-1.97767,2
103.24744,0.15823,-104.65526,-3.27271,36.09303,4.0,-1.32803,0.11995,10.93721,-1.15742,2
106.53685,0.28417,-104.03357,-3.22166,28.29420,1.0,-1.87771,0.90466,10.51236,-1.69768,2
97.47673,-0.51801,-101.39109,-3.24982,30.34380,2.0,-2.50913,-2.78132,8.11646,3.12696,1
106.02389,0.68745,-100.18699,-3.22220,15.29287,1.0,0.54230,-1.43925,10.14437,-2.11883,1
102.67483,-0.48696,-103.13049,-3.24348,40.18365,2.0,0.73472,0.89873,10.15659,0.11729,1
97.05820,-0.50416,-101.53343,-3.23147,40.43090,1.0,0.47661,-0.50679,11.36743,-1.44058,1
94.72929,0.10621,-101.00687,-3.26007,31.08205,2.0,-1.30208,-3.80306,15.43625,-1.11660,2
102.30199,-0.06136,-100.42897,-3.23348,18.09884,1.0,-2.35140,-0.80888,13.89507,-0.96873,2
98.28820,0.33578,-98.98439,-3.21123,19.10502,3.0,0.03673,0.99005,10.57967,-0.91200,2
98.63191,-0.43847,-98.64552,-3.20190,40.44174,3.0,-1.30503,0.85860,11.60829,-2.89744,1
102.23963,-0.12953,-99.68234,-3.27496,20.51118,4.0,1.97220,-1.40478,9.89966,-2.47989,2
91.03665,-0.61522,-98.97209,-3.21723,8.60834,1.0,0.46178,-1.00900,14.36821,-0.96991,1
95.14228,-0.81948,-96.53154,-3.25095,21.54450,2.0,1.92854,2.84973,8.25738,0.86472,1
96.14006,-0.06482,-99.13378,-3.26030,17.14877,2.0,-1.02613,2.25533,10.66207,-1.00804,2
98.07916,-0.20458,-103.20172,-3.22987,27.04235,1.0,-0.30657,0.26866,10.13495,2.00049,1
102.28900,-0.20102,-100.10569,-3.22752,50.51440,1.0,0.28742,-0.83523,12.16395,1.20320,1
94.37797,-1.21739,-97.22528,-3.25459,20.90464,2.0,1.71867,-1.10000,8.94944,-1.98323,1
97.17406,-0.04259,-99.19799,-3.22455,40.59933,1.0,-0.70798,0.58529,10.13893,-0.77954,2
103.79416,0.60221,-102.29202,-3.26465,36.04827,4.0,-1.81727,-1.30731,9.10057,-1.73948,2
95.02660,-0.91733,-94.90674,-3.22663,3.62389,1.0,-0.50861,0.81634,7.12852,3.68725,1
102.67458,-0.09298,-103.04889,-3.21648,42.50598,1.0,-1.77591,0.60213,14.69269,0.68019,2
99.85851,-0.40262,-96.47049,-3.24560,10.65646,2.0,-0.22850,0.21986,8.71479,1.68842,1
97.90725,1.06409,-96.49679,-3.27094,20.12672,4.0,2.11707,0.33585,11.32526,-0.84720,1
96.24645,0.40597,-99.75518,-3.22391,44.43935,1.0,0.43331,-0.24153,9.12919,2.78429,2
103.52466,0.32712,-107.53578,-3.25958,21.70180,2.0,-0.16531,-0.46255,11.38474,-0.96515,2
104.09362,0.64014,-98.32856,-3.27097,33.94389,4.0,3.38675,2.83295,11.93625,-2.32370,1
97.76500,0.08305,-97.74938,-3.21806,29.83301,1.0,-1.02762,1.90279,9.66069,-0.27364,2
91.16069,-0.80441,-99.91471,-3.23664,5.92023,1.0,0.28547,0.55276,11.36430,0.01957,1
97.55176,-0.04117,-96.35742,-3.25246,33.07303,2.0,1.07514,0.79672,11.62195,-3.54364,2
95.56197,-0.35449,-99.61700,-3.22670,18.17865,1.0,0.84123,-0.32464,9.64118,-0.97229,1
100.16038,0.34374,-102.01402,-3.23040,25.76698,1.0,-2.02577,-0.22875,12.73211,-2.37688,2
105.90657,0.43851,-101.92840,-3.23767,30.64568,1.0,0.24386,0.03332,13.16829,-3.36297,2
106.43851,-0.28882,-107.73632,-3.24275,33.36458,2.0,1.20417,0.81040,11.66704,-4.21002,1
108.09860,-0.23990,-100.96095,-3.20327,23.96828,3.0,-0.39280,0.37767,9.87770,3.00085,1
107.80323,0.56312,-103.39421,-3.24570,28.33612,2.0,0.93484,0.13203,12.33356,-3.01227,2
96.02518,0.69882,-92.20767,-3.23943,32.16572,2.0,2.28040,2.20942,8.03423,5.33345,1
100.73292,0.21265,-103.78664,-3.23868,20.61558,1.0,0.36999,-1.89185,13.07544,-1.93136,2
97.13994,-0.55400,-101.75967,-3.20066,40.90086,3.0,-1.08185,0.14615,12.43481,-1.12883,1
94.83010,0.06201,-102.83152,-3.27872,-8.46826,4.0,-1.55504,2.52708,11.34465,-2.55529,2
94.48579,-0.10255,-97.68885,-3.19247,9.28581,5.0,-0.05938,0.70329,13.08145,1.62526,2
100.04181,-0.49567,-102.20937,-3.25766,21.71039,2.0,1.99832,0.91944,9.84152,0.78993,1
101.12395,-0.06764,-100.89067,-3.24657,24.37074,2.0,-2.00697,2.66940,11.41813,-1.89487,2
99.88048,0.54176,-100.84721,-3.25757,10.32849,2.0,-0.41141,-0.65406,9.54984,-2.45058,2
94.78379,-0.94332,-98.74718,-3.25011,9.60598,2.0,-1.80370,-0.11222,10.91106,0.12775,1
103.79935,1.16719,-101.91185,-3.24770,18.68583,2.0,-1.28834,0.69281,14.11936,-2.36148,1
97.73606,-0.51261,-98.55195,-3.26176,22.49123,2.0,0.77161,-0.43395,12.47868,-3.42351,1
97.42795,-0.28884,-102.06390,-3.23281,28.23572,1.0,0.11907,0.09940,11.54029,0.06518,1
107.66048,0.25086,-101.59875,-3.24369,32.31560,2.0,-0.21911,-0.15690,14.39968,1.07702,2
102.32319,0.21057,-102.82961,-3.26545,13.07483,4.0,-1.87620,1.62334,10.16364,-0.59323,2
100.80946,0.07655,-106.03604,-3.23327,11.86062,1.0,0.71956,-1.76934,9.75261,-3.03072,2
100.20820,0.14902,-106.62078,-3.25776,20.52761,2.0,1.41228,0.29158,10.58363,-3.45521,2
100.62828,-0.23462,-97.14058,-3.19915,32.36370,3.0,-1.31649,2.43562,13.47885,-2.99233,1
103.89317,-0.08247,-100.02394,-3.25539,28.71527,2.0,-0.61400,1.38904,10.17645,4.12840,2
104.87909,0.34871,-101.41831,-3.26023,25.26959,2.0,1.04801,-0.18531,9.99638,-2.29797,2
101.72096,-0.24648,-103.67329,-3.22523,47.15642,1.0,1.10137,-1.30055,8.04446,2.38495,1
101.05315,0.48047,-97.42307,-3.22833,26.23386,1.0,-1.93083,-0.79226,14.96105,-1.10960,2
95.17003,-0.33635,-100.04495,-3.23082,-0.10031,1.0,-1.32837,-1.19463,13.43513,-0.96227,1
97.62126,-0.10576,-101.97323,-3.25073,4.87581,2.0,0.91532,-1.28465,10.01069,-0.79675,2
101.96874,-0.33850,-97.87954,-3.26708,9.18049,4.0,-0.44229,2.00026,10.36773,-1.46893,1
100.20422,0.83984,-103.05695,-3.27598,27.92926,4.0,-0.23923,1.39027,13.06877,-1.16975,1
101.98327,-0.11611,-101.43635,-3.22242,24.23122,1.0,0.14051,-0.14117,9.11769,2.00107,2
97.21131,0.16662,-101.77486,-3.23642,9.38886,1.0,-0.10355,0.52057,9.44379,-1.68049,2
108.24668,0.05985,-101.42101,-3.22579,46.36888,1.0,-0.12108,-0.91479,11.94385,1.80725,2
99.37925,-0.09948,-103.17667,-3.25443,14.14395,2.0,0.15955,1.06567,10.12552,0.29563,2
96.59738,-0.02655,-98.02585,-3.20827,23.43208,3.0,0.15163,-0.11347,10.81648,-1.54969,2
106.59271,0.20263,-101.12083,-3.23111,39.65503,1.0,-0.81356,-0.29807,9.16502,-1.55197,2
99.35309,-0.22225,-98.28853,-3.24355,42.98069,2.0,-0.44816,0.68590,9.60961,2.32488,1
101.70719,-0.25805,-98.50066,-3.18231,19.81974,5.0,-0.65812,1.19940,11.50933,2.12853,1
91.71513,-0.16986,-95.77002,-3.24918,29.24367,2.0,1.48053,1.43624,10.58545,-0.53682,2
96.64979,-0.71493,-96.21061,-3.23650,12.58725,1.0,-0.21182,-1.86997,8.43648,-2.95993,1
95.76084,-0.09520,-96.94252,-3.20006,38.32345,3.0,0.72109,-0.50779,10.34824,-1.19990,2
100.43593,0.46029,-93.52530,-3.22565,27.77407,1.0,-0.80517,1.07125,11.45568,-1.37648,2
99.14225,0.12746,-99.55023,-3.26050,44.83721,2.0,-1.22638,-0.40735,10.19225,0.24714,2
94.43495,-0.24365,-101.81984,-3.21310,24.29116,3.0,-2.17035,-1.23533,10.70045,-0.12361,1
106.25699,0.20080,-107.24354,-3.26678,39.75705,4.0,-0.70777,1.75765,11.96661,-2.63557,2
100.03364,-0.21294,-99.16698,-3.24658,24.91174,2.0,2.21024,3.10964,8.82503,0.27222,1
101.71730,0.31074,-98.78834,-3.20495,10.83453,3.0,-0.20458,1.43074,11.80140,-1.77497,2
102.84047,-0.48279,-96.82962,-3.25122,31.37892,2.0,2.17044,-0.88522,8.90646,-2.11919,1
102.77333,0.31507,-100.72631,-3.26788,4.83625,4.0,-0.59470,-0.97309,9.83254,-1.78319,2
104.78801,0.23875,-99.56109,-3.20348,33.78615,3.0,-0.30898,0.75514,11.14258,-1.42114,2
104.70962,0.16001,-100.37740,-3.25787,32.44158,2.0,1.54209,0.55756,11.78272,-0.58025,2
99.15015,-0.18975,-101.77963,-3.19643,13.71520,3.0,1.91345,0.78814,11.94637,-2.84529,2
106.17266,0.36893,-101.02556,-3.27278,40.13828,4.0,-0.59294,0.51305,9.76328,-1.70710,2
102.71575,-0.66982,-100.14010,-3.24646,29.50224,2.0,4.00895,-1.02916,9.89671,-1.73124,1
106.73262,0.23189,-100.58765,-3.19596,38.26491,3.0,0.95177,0.80913,11.12901,3.66067,2
99.12447,-0.26492,-99.91045,-3.21684,35.39332,1.0,-3.06199,-0.55985,11.81708,-1.42300,1
100.28111,-0.14105,-101.80426,-3.24641,28.00807,2.0,-2.22738,0.52074,14.85065,-1.20896,2
89.07250,-0.63863,-96.33737,-3.25181,-19.27478,2.0,1.93846,0.49844,8.79636,1.78284,1
95.13817,0.22326,-99.88981,-3.21350,17.13938,3.0,0.72073,-0.92461,10.43808,1.85138,2
99.07384,0.52192,-101.73078,-3.26699,23.20579,4.0,2.46077,-2.40155,10.33636,-0.73764,2
100.19033,0.45977,-102.26545,-3.23635,16.38494,1.0,-1.54883,3.03314,10.54620,-1.42659,2
90.97988,-0.53523,-98.18282,-3.23449,5.83243,1.0,-0.60202,1.27091,8.46449,-2.60951,1
99.50789,-0.20003,-96.51686,-3.22766,25.62448,1.0,0.45500,-1.17995,10.50716,-4.01301,2
101.75049,0.19786,-97.15890,-3.21324,46.46705,3.0,0.55221,1.12100,11.96313,-1.22902,2
98.65999,0.15327,-98.37024,-3.23930,38.88459,2.0,-0.25077,1.42454,12.46818,-1.78936,2
92.91489,-0.10664,-99.77436,-3.23808,4.31117,1.0,1.58885,-2.66322,8.20901,3.58965,2
94.82705,-0.25372,-101.13436,-3.25348,13.10538,2.0,-1.11897,-0.89374,10.17268,-0.68555,1
102.47839,-1.11151,-102.21680,-3.27836,21.32591,4.0,1.98163,1.58803,11.19336,0.02445,1
100.56273,0.01116,-98.86846,-3.24454,25.25351,2.0,-0.46241,-1.97859,9.16528,1.61892,2
100.07593,-0.01867,-100.32814,-3.20975,30.22393,3.0,-1.43085,0.41983,8.83441,-0.74093,2
98.85672,-0.06876,-104.57681,-3.23667,40.99158,1.0,0.11112,0.31399,10.48768,-1.45551,2
102.99224,0.83781,-95.48482,-3.25741,37.92251,2.0,2.09009,-0.82370,9.47160,-1.25465,1
92.85778,-0.50098,-97.58559,-3.26849,23.82681,4.0,-0.29770,-1.42211,10.13393,-0.44723,1
94.21597,-0.47007,-96.58116,-3.23694,18.05496,1.0,-0.73219,-1.77071,10.11636,-0.69438,1
98.89012,0.39712,-97.70994,-3.25238,37.70631,2.0,1.46660,1.95590,13.03687,0.32902,2
107.55193,0.25661,-105.01038,-3.26077,31.93356,2.0,-1.35053,-1.36530,9.64247,-1.11147,2
104.77428,0.09286,-93.88585,-3.28993,11.43126,4.0,2.34135,1.76148,10.41595,-0.23743,2
92.63007,-0.30565,-99.04743,-3.24687,31.91808,2.0,0.46617,0.46638,7.51732,0.62053,1
109.81764,0.25343,-104.77552,-3.27985,34.16220,4.0,2.59892,1.75050,15.18255,-1.86624,2
96.36705,-0.29759,-97.07173,-3.21913,13.60417,1.0,0.31672,-0.10944,12.93748,0.85013,1
102.15756,-0.30925,-102.48599,-3.21457,10.39764,3.0,-0.25769,-0.07038,8.87066,1.71091,1
97.34432,0.19495,-97.04260,-3.24792,21.10020,2.0,0.13675,-0.11503,10.27156,1.34341,2
95.63665,1.24586,-100.42819,-3.21362,15.97116,3.0,-1.65999,-0.90973,13.20691,-0.73396,1
96.61797,0.12290,-99.04260,-3.25286,10.90495,2.0,-1.86701,0.00587,9.23603,-1.30717,2
99.36544,0.13580,-102.78138,-3.23830,27.26065,1.0,-1.39724,-1.51066,8.48603,2.47965,2
98.08357,0.89598,-95.62450,-3.22674,17.23931,1.0,-0.38207,1.01970,13.51300,-2.15761,1
93.06803,-0.60715,-98.83440,-3.24398,17.80357,2.0,-0.25871,-1.43185,11.92586,0.15859,1
100.97656,-0.43001,-103.84069,-3.26472,12.90320,4.0,-0.65893,0.00405,12.19350,-0.20472,1
101.23383,-1.03446,-95.57830,-3.18675,22.07603,5.0,-0.30097,1.08577,10.10171,0.76492,1
106.93919,-0.06144,-101.80086,-3.25490,43.44529,2.0,1.29723,3.37762,10.36266,-1.36267,2
95.04364,-0.43317,-97.43389,-3.23273,22.39556,1.0,-0.23074,0.67721,11.54834,1.92275,1
100.73287,-0.51614,-98.83425,-3.24424,20.50241,2.0,0.70170,-0.05428,11.82505,-1.03989,1
101.80253,0.21969,-98.47037,-3.27010,26.44963,4.0,-0.92159,-1.75715,11.43084,-2.15974,2
99.47401,0.02391,-98.66651,-3.23464,37.15811,1.0,-1.85446,0.25893,10.02391,2.97531,2
95.27326,-0.77109,-97.49641,-3.23696,7.28765,1.0,-1.19770,1.13157,11.43122,-3.58156,1
102.17781,-0.13455,-99.25454,-3.28170,31.07517,4.0,0.08277,-1.36947,8.81391,-1.34582,2
97.71832,0.74308,-100.61199,-3.19443,34.87113,3.0,-1.06853,0.34376,10.62824,-2.67683,1
101.50206,-0.29040,-98.34427,-3.19842,44.45483,3.0,-0.79866,0.01349,8.52857,0.46818,1
95.85683,-0.54682,-101.03977,-3.24851,-6.04618,2.0,-0.38997,1.08708,10.88572,-1.83909,1
99.81391,0.26476,-100.89600,-3.27146,32.01462,4.0,-0.62549,1.83313,12.16996,-2.83510,2
100.22806,-0.03876,-102.12493,-3.25104,47.71506,2.0,3.29067,4.54014,8.60117,-2.00712,2
95.27325,0.34198,-100.69377,-3.26063,15.87692,2.0,-1.33260,-1.68721,11.73008,0.67916,2
101.37102,-0.24102,-100.95709,-3.21200,35.51665,3.0,-0.07777,-1.05457,10.24233,1.42892,1
98.13966,0.30340,-101.32300,-3.28286,10.93422,4.0,0.62630,1.18149,9.21769,-1.45345,2
104.00844,0.18585,-96.88950,-3.25188,42.78086,2.0,0.94715,-0.96877,12.13893,0.20565,2
102.71283,-0.04979,-99.48161,-3.26555,8.01807,4.0,0.16498,-1.04203,11.35045,-1.30658,2
94.34008,-0.31359,-102.65533,-3.24504,19.42562,2.0,0.45479,-1.84654,10.18912,-1.05245,1
100.26525,-0.08477,-101.97328,-3.26373,17.79830,4.0,-0.96105,-0.44326,10.50484,-1.64517,2
97.62332,-0.31805,-92.88576,-3.25603,23.27167,2.0,0.75050,0.46120,10.83733,-0.15594,1
100.98480,-0.70301,-103.27705,-3.28195,33.19692,4.0,1.60536,0.47140,12.03151,-1.06866,1
102.88256,0.10259,-98.00379,-3.21792,30.14585,1.0,0.28943,-1.00431,11.23402,0.39135,2
101.58447,0.40966,-98.34823,-3.20627,46.87496,3.0,-0.64262,-0.31401,12.28201,-1.48999,2
97.92883,-0.21961,-97.65664,-3.26171,31.01361,2.0,1.33183,0.49938,12.49494,0.61574,1
106.57777,-0.26744,-106.86184,-3.25613,22.13770,2.0,-0.06689,-0.71658,9.73473,4.05616,1
100.34249,0.06773,-102.57750,-3.23244,30.27161,1.0,-0.13103,-2.45751,7.66553,3.98386,2
97.33022,0.11345,-102.47693,-3.24263,7.86910,2.0,-2.89369,-2.11187,12.45745,-0.34551,2
104.87603,-0.12411,-98.34604,-3.26498,38.43383,4.0,-1.32666,-0.02922,11.37076,-4.38789,2
103.37829,-0.40343,-100.96855,-3.21553,46.05721,3.0,0.52386,0.93832,13.27553,0.86449,1
103.19348,-1.22692,-99.17446,-3.22743,54.75987,1.0,-0.34324,-1.74071,13.74545,-2.39825,1
93.51955,-0.38500,-93.07157,-3.23709,27.33540,1.0,-0.72834,-2.75954,11.73552,-2.87493,1
98.06090,0.33298,-96.76908,-3.22369,37.17559,1.0,-0.31208,-0.91445,13.19848,0.11066,2
102.61595,0.30846,-99.10612,-3.19805,39.77305,3.0,-0.31802,1.38088,10.88455,-1.86300,2
105.34158,0.77167,-102.95747,-3.23996,40.03204,2.0,0.45282,0.10203,12.71349,-0.81864,1
100.46180,-0.51933,-97.88273,-3.25052,25.00203,2.0,-1.13680,0.27212,11.92489,-1.99084,1
101.95900,-0.12681,-103.33323,-3.26378,41.82248,4.0,-0.77286,0.49772,11.42231,1.44516,2
109.92463,-0.54630,-107.44662,-3.26981,35.40088,4.0,2.57597,-0.45549,12.52398,-1.43353,1
98.91434,0.21045,-100.48244,-3.21625,39.32776,1.0,-0.84295,-0.41191,11.45336,-2.07617,2
95.84925,0.16715,-94.60786,-3.24650,22.18609,2.0,-0.98543,-0.09093,11.05755,1.33003,2
97.01686,-0.58045,-101.56007,-3.21020,17.71831,3.0,0.20261,0.29949,11.61417,0.67846,1
98.31977,0.18878,-98.15182,-3.23429,42.02858,1.0,-1.98580,0.38119,10.37183,3.08251,2
110.22410,-0.62736,-100.73428,-3.21985,19.15144,1.0,0.07532,0.65144,11.46549,0.31727,1
101.24036,-0.31885,-100.83664,-3.24203,38.11847,2.0,2.08733,0.70389,11.49439,-0.13855,1
97.29088,-0.79045,-100.98778,-3.28331,38.25404,4.0,-1.33617,-2.14441,10.71541,-1.21468,1
104.28637,-0.10143,-101.77301,-3.23937,27.46158,2.0,0.44710,0.33524,10.97017,-0.52398,2
99.75709,-0.05543,-94.60263,-3.27163,1.15017,4.0,0.99622,-1.75576,10.47444,0.22412,2
94.49578,0.02384,-95.94923,-3.27050,6.52177,4.0,-0.32522,1.56893,11.68968,-1.44627,2
109.12977,0.22103,-105.00295,-3.19645,38.10981,3.0,-0.74428,2.33450,11.06777,-2.04136,2
104.51823,0.10228,-107.69719,-3.25256,34.27747,2.0,1.09618,1.31962,10.18476,-1.84222,2
107.75124,0.46435,-97.75927,-3.25248,42.45863,2.0,-1.01771,-0.28181,10.39623,-1.70056,2
105.15894,0.96006,-102.30005,-3.25344,25.86668,2.0,0.01834,-1.02687,10.58758,0.54630,1
92.19660,-0.19582,-96.72126,-3.23663,22.07760,1.0,0.92269,0.70555,10.48789,-0.78711,2
101.73613,-0.75031,-104.29147,-3.21219,39.40250,3.0,-0.58532,-1.22564,11.85526,1.71816,1
97.51911,-0.16200,-101.90048,-3.23508,34.68549,1.0,-0.79313,1.21992,11.21860,-2.45583,2
96.51834,-0.39658,-97.45420,-3.25816,12.99990,2.0,2.50820,-0.82561,14.88600,-0.25979,1
98.80075,0.29811,-95.68558,-3.23816,35.48222,1.0,0.18682,0.18714,10.52559,-0.02983,2
103.67876,-0.81780,-100.11854,-3.25129,21.29979,2.0,0.39579,-0.10671,11.30730,-2.77576,1
98.15274,0.44241,-102.45385,-3.26733,7.04538,4.0,-1.05149,0.13717,12.27704,-2.29547,2
104.71986,0.44147,-96.13851,-3.22521,23.34035,1.0,0.44241,0.28770,10.26461,-0.31114,2
101.18047,-0.02197,-102.04374,-3.26912,2.81491,4.0,0.81615,-2.28641,10.25073,-2.95192,2
94.36495,-0.01879,-98.03898,-3.25556,6.23249,2.0,-0.09056,-0.17926,12.16136,-0.61556,2
99.15436,0.14252,-105.54563,-3.21299,19.83749,3.0,0.11104,0.20008,11.58140,0.80712,2
98.57153,-0.70395,-97.91514,-3.23594,22.57491,1.0,2.43158,0.58813,8.69305,1.61887,1
98.56042,0.09005,-101.54930,-3.24704,1.73055,2.0,1.18863,0.14775,10.75842,-4.44560,2
109.61684,1.35002,-103.85559,-3.22711,45.31849,1.0,1.71231,1.01778,11.17130,-1.34408,1
103.74286,0.31683,-98.54370,-3.25722,32.22721,2.0,1.20717,-2.23150,9.85953,-2.53738,2
96.89958,-0.60146,-100.55779,-3.23478,30.58492,1.0,1.31776,2.65022,13.32503,-1.66159,1
98.15481,0.12304,-95.55736,-3.22860,14.12132,1.0,2.51559,0.25117,11.77328,-1.76198,2
106.38313,0.04858,-104.04982,-3.22165,34.46257,1.0,-0.85168,-2.10558,10.83139,-0.77047,2
103.96346,0.27999,-104.30484,-3.24565,35.34751,2.0,-1.09131,-0.76282,11.99632,2.03935,2
103.27877,-0.16153,-98.91861,-3.20735,48.52853,3.0,-0.58946,-0.91883,9.96807,2.55100,2
105.37217,0.46219,-101.02364,-3.21692,28.40033,1.0,1.02255,-1.39289,13.25312,-1.29106,2
104.62243,0.41250,-103.46367,-3.18878,37.38483,5.0,0.40456,1.16843,10.57074,0.46688,2
102.36944,0.59689,-102.29201,-3.23488,18.20899,1.0,-2.05509,0.45713,12.88752,-0.41617,2
102.82753,0.60135,-100.92228,-3.24823,40.05255,2.0,-0.39308,-1.74052,10.47262,0.07664,2
95.65493,-0.73929,-97.97756,-3.21885,20.31581,1.0,-2.15175,-1.57208,12.21119,-2.47787,1
97.17873,-0.14186,-101.42919,-3.25033,24.74845,2.0,1.03512,-0.29484,9.62844,-2.30345,2
96.54750,-0.22108,-96.14463,-3.23917,16.61472,2.0,-0.34890,0.13986,10.91069,0.37279,1
106.49307,0.37348,-101.10967,-3.22374,32.87737,1.0,-0.40072,0.29838,8.72528,3.20908,2
100.71649,-0.30103,-102.52316,-3.20714,27.24510,3.0,1.02536,0.17930,9.24038,0.95974,1
102.03460,-0.05635,-91.44717,-3.25581,25.16912,2.0,-1.37534,-0.80303,11.80952,-2.94098,2
102.48971,0.35977,-103.15528,-3.26490,35.45152,4.0,0.11021,-1.65947,13.73767,-0.02164,2
98.92234,-0.75575,-99.84086,-3.27344,4.11792,4.0,-0.55579,-0.78392,10.15381,2.88206,1
104.59072,-0.71146,-94.59283,-3.20675,33.86169,3.0,0.84150,1.53955,12.29166,-1.72532,1
106.00702,0.37977,-103.51647,-3.24022,34.23615,2.0,-0.73612,1.25957,12.95455,-0.67864,2
94.62165,-0.47816,-99.02887,-3.24588,14.11674,2.0,-0.60930,-2.32234,9.90837,-2.95984,1
107.57876,0.41665,-102.61904,-3.20650,38.78720,3.0,-0.80529,-0.00811,11.44349,-1.29590,2
96.82851,-0.53393,-103.15378,-3.21249,17.61276,3.0,-0.41794,2.14709,14.79441,-1.59667,1
101.83216,0.08857,-102.08110,-3.25384,13.45500,2.0,0.16176,-0.12574,12.67279,-2.92641,2
98.13071,-0.19586,-96.82395,-3.22974,13.08897,1.0,-0.11173,-0.51676,10.33048,-1.54573,2
103.01635,0.82393,-98.46706,-3.21339,25.01974,3.0,-1.73445,-1.58251,8.85312,-0.39942,1
97.42092,-0.42807,-101.11437,-3.25667,24.70716,2.0,0.69731,-3.11388,9.71906,-3.27485,1
100.42277,0.14565,-101.80149,-3.27106,-6.75148,4.0,-1.26286,-0.94307,13.41300,-1.77144,2
102.79339,0.22570,-105.60683,-3.24557,31.65864,2.0,-0.64385,-0.34569,12.17342,-2.25891,2
102.58238,0.19425,-99.43098,-3.23655,12.96101,1.0,0.95607,0.77243,11.52103,2.27779,2
100.95243,0.19215,-104.19381,-3.22656,13.99026,1.0,-2.29312,-0.54048,8.95678,0.38473,2
104.79450,-0.52407,-101.55218,-3.22282,44.20889,1.0,-0.61229,-0.73977,12.41496,0.18247,1
101.15162,0.51477,-100.79690,-3.27391,25.65985,4.0,0.36527,0.62006,10.21697,-3.91243,2
95.70528,-1.06316,-98.44031,-3.24599,30.75752,2.0,-0.80204,1.16789,11.08224,-2.40541,1
98.75072,-0.25404,-98.70495,-3.23243,18.37115,1.0,2.06797,-3.53490,11.06230,-1.66423,1
98.02976,0.17099,-97.55616,-3.27368,11.17280,4.0,2.07531,0.46060,13.13550,-1.00702,2
102.52804,0.06695,-101.84729,-3.27035,25.62284,4.0,-4.25696,-0.89834,14.37341,-1.11884,2
105.18501,0.63875,-99.68540,-3.24800,9.32149,2.0,0.97664,1.67362,9.66273,-2.64781,1
97.27258,-0.54218,-94.88059,-3.20502,16.11517,3.0,-0.91875,0.56921,10.87166,3.01493,1
105.48829,0.92223,-105.70748,-3.20220,44.97643,3.0,-1.19448,0.07918,10.79302,1.90194,1
103.11542,0.12748,-101.81845,-3.21679,25.39525,1.0,0.69110,-1.81938,11.19021,-2.66192,2
104.14204,-0.17045,-103.22316,-3.20239,31.04585,3.0,0.33990,0.12458,12.25472,4.46223,2
98.60300,-0.29037,-99.61555,-3.22880,44.87124,1.0,-1.80106,0.40706,8.44301,2.87481,1
103.18103,0.05839,-98.01958,-3.26540,13.35420,4.0,2.48642,1.71463,13.07234,-0.73566,2
94.84574,-0.29229,-97.90790,-3.21103,27.92710,3.0,-2.48790,-1.03416,8.83100,4.56208,1
97.25553,-0.43414,-99.71003,-3.23331,30.17872,1.0,1.73193,-0.88698,10.87804,-1.74453,1
96.58245,-0.20584,-96.32389,-3.20411,5.91241,3.0,-1.65556,2.26495,11.04381,-3.00833,2
96.04618,0.35117,-98.53683,-3.24916,23.62325,2.0,-1.50788,-0.75136,14.46814,-0.52222,2
95.61684,-0.66716,-100.63972,-3.21816,10.48061,1.0,1.63002,0.67046,12.25638,-1.99687,1
96.73732,0.52232,-98.44975,-3.27711,5.86350,4.0,0.68056,-1.72737,10.89266,-2.34428,2
102.73748,0.00457,-102.58028,-3.22006,42.24388,1.0,1.43893,-0.06694,10.40596,-0.69589,2
102.09108,-0.37688,-100.66525,-3.28650,11.47546,4.0,1.11575,2.13008,8.27582,4.14890,1
99.65823,-0.25303,-97.82927,-3.25421,31.69312,2.0,1.26135,1.68746,10.49268,-1.13133,1
97.97189,-0.08191,-101.29268,-3.24362,1.26897,2.0,-0.19491,-2.16269,11.26957,0.89881,2
100.53512,0.66130,-102.45110,-3.20805,34.11033,3.0,2.30278,-2.89998,8.98025,-2.93613,1
101.67267,0.44003,-99.60497,-3.26076,45.77507,2.0,0.05594,1.74818,13.09264,-1.51678,2
104.88336,0.62933,-100.54504,-3.20358,22.57942,3.0,-0.62778,0.12418,12.36023,-1.47643,1
102.60155,-0.39379,-96.64921,-3.25201,31.40281,2.0,-0.58929,0.85655,11.90337,-1.12283,1
102.79656,0.33392,-102.56970,-3.20232,32.59184,3.0,-1.57685,-0.08918,9.75411,-0.54535,2
101.02125,-0.08144,-99.07156,-3.21829,10.84700,1.0,-2.92611,-1.99334,14.35603,-0.35671,2
108.33524,0.50720,-106.62726,-3.22044,27.29589,1.0,-1.98581,-2.16069,12.44019,0.03681,2
105.40416,1.21701,-99.16877,-3.23520,34.97794,1.0,-0.28474,0.18527,10.57107,3.56767,1
93.87261,-0.73039,-99.48862,-3.21328,17.31033,3.0,-1.86898,-3.29380,11.70165,-2.87738,1
101.36366,-0.12005,-101.26845,-3.19549,43.06597,3.0,-0.71463,0.63399,10.23824,0.19907,2
97.65723,-0.02868,-101.79664,-3.25757,26.49713,2.0,-0.13273,0.07375,11.76440,-1.45179,2
99.44051,0.63430,-98.10727,-3.22132,7.81507,1.0,-2.56902,-1.69703,12.59744,-1.53359,1
101.06364,0.08097,-104.48052,-3.22065,21.89111,1.0,1.12013,-1.51408,13.21769,2.11813,2
103.06695,0.68034,-99.87545,-3.21285,45.23413,3.0,-1.55235,1.02308,10.80734,-2.26769,1
101.40595,0.65274,-102.59309,-3.24360,27.58399,2.0,0.31910,-0.55714,12.11313,2.12724,1
102.20761,1.29099,-102.95629,-3.23299,27.80791,1.0,-1.07094,0.93799,11.62643,-1.64580,1
110.34811,0.28705,-102.51594,-3.24352,34.06374,2.0,0.29671,1.03806,9.53824,2.96337,2
104.28996,0.03384,-103.67903,-3.24157,38.31780,2.0,-0.31497,-0.87245,10.28440,-1.28962,2
100.00345,-0.42754,-101.22754,-3.26790,31.46984,4.0,-0.85674,0.99851,13.27369,-2.37038,1
99.72223,0.39538,-100.10630,-3.19753,37.71880,3.0,-0.85641,0.40750,9.78725,-0.77344,2
99.19137,0.00173,-96.24704,-3.28224,19.13771,4.0,-0.16809,-0.82990,12.07514,-0.69227,2
105.80575,0.74526,-99.00354,-3.21628,41.86649,1.0,-3.24259,-1.67277,11.44503,-1.82705,1
99.64936,0.61074,-97.46351,-3.20051,23.76072,3.0,0.12832,1.18128,9.91763,1.63321,1
93.96509,-0.72537,-98.88960,-3.24684,17.33263,2.0,0.16675,0.23208,10.49405,-2.40804,1
103.10485,-0.12260,-99.17313,-3.22539,22.91820,1.0,-0.79729,0.56138,12.82279,-3.62382,2
100.34208,0.16308,-93.36027,-3.23366,2.92827,1.0,-1.12651,-0.07764,12.30243,1.25730,2
100.01113,-0.14242,-100.94703,-3.21182,32.62213,3.0,-0.89575,1.88176,11.37379,-1.52910,2
96.15867,0.25164,-97.02610,-3.21975,21.51798,1.0,0.64725,-0.62377,9.96612,-0.28700,2
99.37047,-0.18518,-96.79472,-3.24449,32.20623,2.0,-1.72102,0.71863,11.42029,-0.41542,2
97.50575,-0.41083,-99.93537,-3.20289,15.61893,3.0,0.41871,0.19527,13.30066,2.14164,1
97.96448,-0.57893,-97.35058,-3.22225,31.31808,1.0,-0.76305,-1.53130,11.22921,3.53861,1
94.12079,-0.15526,-99.45377,-3.22459,5.73671,1.0,0.73339,0.98792,11.20666,1.59524,2
93.29746,-0.46663,-101.12603,-3.22514,26.48341,1.0,1.12026,0.04354,11.96981,-3.14526,1
96.12402,-0.20170,-96.27100,-3.27562,31.48175,4.0,0.83622,-0.02262,11.87972,-1.33804,2
102.60173,0.18293,-93.79591,-3.19984,14.69740,3.0,-0.49907,2.14072,11.35781,-2.48599,2
107.02096,0.16405,-95.09993,-3.24281,40.86545,2.0,-0.90454,1.27235,10.03335,0.69518,2
103.13492,0.66010,-100.14639,-3.25910,33.02794,2.0,0.98458,0.89847,8.42265,3.79805,1
